date,location,new_cases
2020-03-03,Marzahn-Hellersdorf,1
2020-03-04,Marzahn-Hellersdorf,0
2020-03-05,Marzahn-Hellersdorf,0
2020-03-06,Marzahn-Hellersdorf,0
2020-03-07,Marzahn-Hellersdorf,0
2020-03-08,Marzahn-Hellersdorf,0
2020-03-09,Marzahn-Hellersdorf,1
2020-03-10,Marzahn-Hellersdorf,1
2020-03-11,Marzahn-Hellersdorf,0
2020-03-12,Marzahn-Hellersdorf,1
2020-03-13,Marzahn-Hellersdorf,0
2020-03-14,Marzahn-Hellersdorf,4
2020-03-15,Marzahn-Hellersdorf,2
2020-03-16,Marzahn-Hellersdorf,1
2020-03-17,Marzahn-Hellersdorf,6
2020-03-18,Marzahn-Hellersdorf,3
2020-03-19,Marzahn-Hellersdorf,4
2020-03-20,Marzahn-Hellersdorf,5
2020-03-21,Marzahn-Hellersdorf,8
2020-03-22,Marzahn-Hellersdorf,2
2020-03-23,Marzahn-Hellersdorf,2
2020-03-24,Marzahn-Hellersdorf,4
2020-03-25,Marzahn-Hellersdorf,4
2020-03-26,Marzahn-Hellersdorf,13
2020-03-27,Marzahn-Hellersdorf,6
2020-03-28,Marzahn-Hellersdorf,11
2020-03-29,Marzahn-Hellersdorf,2
2020-03-30,Marzahn-Hellersdorf,4
2020-03-31,Marzahn-Hellersdorf,7
2020-04-01,Marzahn-Hellersdorf,8
2020-04-02,Marzahn-Hellersdorf,7
2020-04-03,Marzahn-Hellersdorf,8
2020-04-04,Marzahn-Hellersdorf,8
2020-04-05,Marzahn-Hellersdorf,3
2020-04-06,Marzahn-Hellersdorf,7
2020-04-07,Marzahn-Hellersdorf,10
2020-04-08,Marzahn-Hellersdorf,9
2020-04-09,Marzahn-Hellersdorf,8
2020-04-10,Marzahn-Hellersdorf,3
2020-04-11,Marzahn-Hellersdorf,4
2020-04-12,Marzahn-Hellersdorf,5
2020-04-13,Marzahn-Hellersdorf,6
2020-04-14,Marzahn-Hellersdorf,2
2020-04-15,Marzahn-Hellersdorf,10
2020-04-16,Marzahn-Hellersdorf,6
2020-04-17,Marzahn-Hellersdorf,9
2020-04-18,Marzahn-Hellersdorf,6
2020-04-19,Marzahn-Hellersdorf,4
2020-04-20,Marzahn-Hellersdorf,6
2020-04-21,Marzahn-Hellersdorf,15
2020-04-22,Marzahn-Hellersdorf,10
2020-04-23,Marzahn-Hellersdorf,12
2020-04-24,Marzahn-Hellersdorf,9
2020-04-25,Marzahn-Hellersdorf,3
2020-04-26,Marzahn-Hellersdorf,8
2020-04-27,Marzahn-Hellersdorf,0
2020-04-28,Marzahn-Hellersdorf,8
2020-04-29,Marzahn-Hellersdorf,6
2020-04-30,Marzahn-Hellersdorf,6
2020-05-01,Marzahn-Hellersdorf,2
2020-05-02,Marzahn-Hellersdorf,4
2020-05-03,Marzahn-Hellersdorf,9
2020-05-04,Marzahn-Hellersdorf,6
2020-05-05,Marzahn-Hellersdorf,4
2020-05-06,Marzahn-Hellersdorf,4
2020-05-07,Marzahn-Hellersdorf,2
2020-05-08,Marzahn-Hellersdorf,0
2020-05-09,Marzahn-Hellersdorf,0
2020-05-10,Marzahn-Hellersdorf,2
2020-05-11,Marzahn-Hellersdorf,1
2020-05-12,Marzahn-Hellersdorf,1
2020-05-13,Marzahn-Hellersdorf,2
2020-05-14,Marzahn-Hellersdorf,0
2020-05-15,Marzahn-Hellersdorf,2
2020-05-16,Marzahn-Hellersdorf,2
2020-05-17,Marzahn-Hellersdorf,2
2020-05-18,Marzahn-Hellersdorf,1
2020-05-19,Marzahn-Hellersdorf,2
2020-05-20,Marzahn-Hellersdorf,8
2020-05-21,Marzahn-Hellersdorf,0
2020-05-22,Marzahn-Hellersdorf,0
2020-05-23,Marzahn-Hellersdorf,1
2020-05-24,Marzahn-Hellersdorf,0
2020-05-25,Marzahn-Hellersdorf,1
2020-05-26,Marzahn-Hellersdorf,2
2020-05-27,Marzahn-Hellersdorf,4
2020-05-28,Marzahn-Hellersdorf,1
2020-05-29,Marzahn-Hellersdorf,4
2020-05-30,Marzahn-Hellersdorf,4
2020-05-31,Marzahn-Hellersdorf,0
2020-06-01,Marzahn-Hellersdorf,0
2020-06-02,Marzahn-Hellersdorf,1
2020-06-03,Marzahn-Hellersdorf,7
2020-06-04,Marzahn-Hellersdorf,1
2020-06-05,Marzahn-Hellersdorf,1
2020-06-06,Marzahn-Hellersdorf,2
2020-06-07,Marzahn-Hellersdorf,1
2020-06-08,Marzahn-Hellersdorf,0
2020-06-09,Marzahn-Hellersdorf,1
2020-06-10,Marzahn-Hellersdorf,4
2020-06-11,Marzahn-Hellersdorf,4
2020-06-12,Marzahn-Hellersdorf,3
2020-06-13,Marzahn-Hellersdorf,1
2020-06-14,Marzahn-Hellersdorf,1
2020-06-15,Marzahn-Hellersdorf,4
2020-06-16,Marzahn-Hellersdorf,8
2020-06-17,Marzahn-Hellersdorf,3
2020-06-18,Marzahn-Hellersdorf,5
2020-06-19,Marzahn-Hellersdorf,9
2020-06-20,Marzahn-Hellersdorf,5
2020-06-21,Marzahn-Hellersdorf,14
2020-06-22,Marzahn-Hellersdorf,0
2020-06-23,Marzahn-Hellersdorf,4
2020-06-24,Marzahn-Hellersdorf,3
2020-06-25,Marzahn-Hellersdorf,3
2020-06-26,Marzahn-Hellersdorf,3
2020-06-27,Marzahn-Hellersdorf,1
2020-06-28,Marzahn-Hellersdorf,0
2020-06-29,Marzahn-Hellersdorf,1
2020-06-30,Marzahn-Hellersdorf,0
2020-07-01,Marzahn-Hellersdorf,6
2020-07-02,Marzahn-Hellersdorf,3
2020-07-03,Marzahn-Hellersdorf,4
2020-07-04,Marzahn-Hellersdorf,0
2020-07-05,Marzahn-Hellersdorf,0
2020-07-06,Marzahn-Hellersdorf,3
2020-07-07,Marzahn-Hellersdorf,2
2020-07-08,Marzahn-Hellersdorf,10
2020-07-09,Marzahn-Hellersdorf,6
2020-07-10,Marzahn-Hellersdorf,1
2020-07-11,Marzahn-Hellersdorf,0
2020-07-12,Marzahn-Hellersdorf,0
2020-07-13,Marzahn-Hellersdorf,0
2020-07-14,Marzahn-Hellersdorf,1
2020-07-15,Marzahn-Hellersdorf,1
2020-07-16,Marzahn-Hellersdorf,3
2020-07-17,Marzahn-Hellersdorf,0
2020-07-18,Marzahn-Hellersdorf,0
2020-07-19,Marzahn-Hellersdorf,0
2020-07-20,Marzahn-Hellersdorf,0
2020-07-21,Marzahn-Hellersdorf,3
2020-07-22,Marzahn-Hellersdorf,4
2020-07-23,Marzahn-Hellersdorf,2
2020-07-24,Marzahn-Hellersdorf,2
2020-07-25,Marzahn-Hellersdorf,1
2020-07-26,Marzahn-Hellersdorf,0
2020-07-27,Marzahn-Hellersdorf,1
2020-07-28,Marzahn-Hellersdorf,1
2020-07-29,Marzahn-Hellersdorf,2
2020-07-30,Marzahn-Hellersdorf,4
2020-07-31,Marzahn-Hellersdorf,4
2020-08-01,Marzahn-Hellersdorf,4
2020-08-02,Marzahn-Hellersdorf,0
2020-08-03,Marzahn-Hellersdorf,0
2020-08-04,Marzahn-Hellersdorf,4
2020-08-05,Marzahn-Hellersdorf,2
2020-08-06,Marzahn-Hellersdorf,2
2020-08-07,Marzahn-Hellersdorf,2
2020-08-08,Marzahn-Hellersdorf,3
2020-08-09,Marzahn-Hellersdorf,2
2020-08-10,Marzahn-Hellersdorf,3
2020-08-11,Marzahn-Hellersdorf,4
2020-08-12,Marzahn-Hellersdorf,4
2020-08-13,Marzahn-Hellersdorf,1
2020-08-14,Marzahn-Hellersdorf,1
2020-08-15,Marzahn-Hellersdorf,0
2020-08-16,Marzahn-Hellersdorf,0
2020-08-17,Marzahn-Hellersdorf,1
2020-08-18,Marzahn-Hellersdorf,5
2020-08-19,Marzahn-Hellersdorf,1
2020-08-20,Marzahn-Hellersdorf,5
2020-08-21,Marzahn-Hellersdorf,2
2020-08-22,Marzahn-Hellersdorf,4
2020-08-23,Marzahn-Hellersdorf,0
2020-08-24,Marzahn-Hellersdorf,0
2020-08-25,Marzahn-Hellersdorf,0
2020-08-26,Marzahn-Hellersdorf,2
2020-08-27,Marzahn-Hellersdorf,1
2020-08-28,Marzahn-Hellersdorf,4
2020-08-29,Marzahn-Hellersdorf,5
2020-08-30,Marzahn-Hellersdorf,0
2020-08-31,Marzahn-Hellersdorf,0
2020-09-01,Marzahn-Hellersdorf,0
2020-09-02,Marzahn-Hellersdorf,3
2020-09-03,Marzahn-Hellersdorf,2
2020-09-04,Marzahn-Hellersdorf,2
2020-09-05,Marzahn-Hellersdorf,1
2020-09-06,Marzahn-Hellersdorf,1
2020-09-07,Marzahn-Hellersdorf,7
2020-09-08,Marzahn-Hellersdorf,0
2020-09-09,Marzahn-Hellersdorf,2
2020-09-10,Marzahn-Hellersdorf,4
2020-09-11,Marzahn-Hellersdorf,3
2020-09-12,Marzahn-Hellersdorf,4
2020-09-13,Marzahn-Hellersdorf,1
2020-09-14,Marzahn-Hellersdorf,1
2020-09-15,Marzahn-Hellersdorf,6
2020-09-16,Marzahn-Hellersdorf,9
2020-09-17,Marzahn-Hellersdorf,11
2020-09-18,Marzahn-Hellersdorf,6
2020-09-19,Marzahn-Hellersdorf,9
2020-09-20,Marzahn-Hellersdorf,5
2020-09-21,Marzahn-Hellersdorf,2
2020-09-22,Marzahn-Hellersdorf,5
2020-09-23,Marzahn-Hellersdorf,14
2020-09-24,Marzahn-Hellersdorf,2
2020-09-25,Marzahn-Hellersdorf,5
2020-09-26,Marzahn-Hellersdorf,4
2020-09-27,Marzahn-Hellersdorf,1
2020-09-28,Marzahn-Hellersdorf,3
2020-09-29,Marzahn-Hellersdorf,5
2020-09-30,Marzahn-Hellersdorf,8
2020-10-01,Marzahn-Hellersdorf,4
2020-10-02,Marzahn-Hellersdorf,15
2020-10-03,Marzahn-Hellersdorf,11
2020-10-04,Marzahn-Hellersdorf,1
2020-10-05,Marzahn-Hellersdorf,3
2020-10-06,Marzahn-Hellersdorf,8
2020-10-07,Marzahn-Hellersdorf,13
2020-10-08,Marzahn-Hellersdorf,9
2020-10-09,Marzahn-Hellersdorf,17
2020-10-10,Marzahn-Hellersdorf,6
2020-10-11,Marzahn-Hellersdorf,4
2020-10-12,Marzahn-Hellersdorf,8
2020-10-13,Marzahn-Hellersdorf,12
2020-10-14,Marzahn-Hellersdorf,27
2020-10-15,Marzahn-Hellersdorf,18
2020-10-16,Marzahn-Hellersdorf,13
2020-10-17,Marzahn-Hellersdorf,6
2020-10-18,Marzahn-Hellersdorf,1
2020-10-19,Marzahn-Hellersdorf,9
2020-10-20,Marzahn-Hellersdorf,26
2020-10-21,Marzahn-Hellersdorf,31
2020-10-22,Marzahn-Hellersdorf,35
2020-10-23,Marzahn-Hellersdorf,21
2020-10-24,Marzahn-Hellersdorf,2
2020-10-25,Marzahn-Hellersdorf,25
2020-10-26,Marzahn-Hellersdorf,27
2020-10-27,Marzahn-Hellersdorf,41
2020-10-28,Marzahn-Hellersdorf,48
2020-10-29,Marzahn-Hellersdorf,52
2020-10-30,Marzahn-Hellersdorf,46
2020-10-31,Marzahn-Hellersdorf,26
2020-11-01,Marzahn-Hellersdorf,9
2020-11-02,Marzahn-Hellersdorf,63
2020-11-03,Marzahn-Hellersdorf,54
2020-11-04,Marzahn-Hellersdorf,37
2020-11-05,Marzahn-Hellersdorf,46
2020-11-06,Marzahn-Hellersdorf,71
2020-11-07,Marzahn-Hellersdorf,34
2020-11-08,Marzahn-Hellersdorf,14
2020-11-09,Marzahn-Hellersdorf,52
2020-11-10,Marzahn-Hellersdorf,64
2020-11-11,Marzahn-Hellersdorf,38
2020-11-12,Marzahn-Hellersdorf,111
2020-11-13,Marzahn-Hellersdorf,28
2020-11-14,Marzahn-Hellersdorf,43
2020-11-15,Marzahn-Hellersdorf,34
2020-11-16,Marzahn-Hellersdorf,41
2020-11-17,Marzahn-Hellersdorf,106
2020-11-18,Marzahn-Hellersdorf,45
2020-11-19,Marzahn-Hellersdorf,82
2020-11-20,Marzahn-Hellersdorf,62
2020-11-21,Marzahn-Hellersdorf,73
2020-11-22,Marzahn-Hellersdorf,51
2020-11-23,Marzahn-Hellersdorf,40
2020-11-24,Marzahn-Hellersdorf,61
2020-11-25,Marzahn-Hellersdorf,76
2020-11-26,Marzahn-Hellersdorf,63
2020-11-27,Marzahn-Hellersdorf,78
2020-11-28,Marzahn-Hellersdorf,79
2020-11-29,Marzahn-Hellersdorf,29
2020-03-03,Mitte,3
2020-03-04,Mitte,0
2020-03-05,Mitte,4
2020-03-06,Mitte,1
2020-03-07,Mitte,0
2020-03-08,Mitte,1
2020-03-09,Mitte,0
2020-03-10,Mitte,2
2020-03-11,Mitte,9
2020-03-12,Mitte,7
2020-03-13,Mitte,7
2020-03-14,Mitte,7
2020-03-15,Mitte,8
2020-03-16,Mitte,4
2020-03-17,Mitte,20
2020-03-18,Mitte,23
2020-03-19,Mitte,25
2020-03-20,Mitte,17
2020-03-21,Mitte,25
2020-03-22,Mitte,29
2020-03-23,Mitte,20
2020-03-24,Mitte,24
2020-03-25,Mitte,26
2020-03-26,Mitte,52
2020-03-27,Mitte,46
2020-03-28,Mitte,26
2020-03-29,Mitte,16
2020-03-30,Mitte,15
2020-03-31,Mitte,46
2020-04-01,Mitte,19
2020-04-02,Mitte,36
2020-04-03,Mitte,9
2020-04-04,Mitte,18
2020-04-05,Mitte,5
2020-04-06,Mitte,36
2020-04-07,Mitte,32
2020-04-08,Mitte,13
2020-04-09,Mitte,28
2020-04-10,Mitte,23
2020-04-11,Mitte,33
2020-04-12,Mitte,9
2020-04-13,Mitte,14
2020-04-14,Mitte,12
2020-04-15,Mitte,16
2020-04-16,Mitte,12
2020-04-17,Mitte,17
2020-04-18,Mitte,4
2020-04-19,Mitte,5
2020-04-20,Mitte,5
2020-04-21,Mitte,4
2020-04-22,Mitte,10
2020-04-23,Mitte,7
2020-04-24,Mitte,4
2020-04-25,Mitte,9
2020-04-26,Mitte,2
2020-04-27,Mitte,16
2020-04-28,Mitte,7
2020-04-29,Mitte,12
2020-04-30,Mitte,5
2020-05-01,Mitte,4
2020-05-02,Mitte,3
2020-05-03,Mitte,0
2020-05-04,Mitte,6
2020-05-05,Mitte,11
2020-05-06,Mitte,8
2020-05-07,Mitte,4
2020-05-08,Mitte,0
2020-05-09,Mitte,2
2020-05-10,Mitte,0
2020-05-11,Mitte,1
2020-05-12,Mitte,6
2020-05-13,Mitte,3
2020-05-14,Mitte,6
2020-05-15,Mitte,3
2020-05-16,Mitte,0
2020-05-17,Mitte,0
2020-05-18,Mitte,3
2020-05-19,Mitte,13
2020-05-20,Mitte,3
2020-05-21,Mitte,0
2020-05-22,Mitte,2
2020-05-23,Mitte,1
2020-05-24,Mitte,0
2020-05-25,Mitte,6
2020-05-26,Mitte,0
2020-05-27,Mitte,6
2020-05-28,Mitte,4
2020-05-29,Mitte,7
2020-05-30,Mitte,0
2020-05-31,Mitte,7
2020-06-01,Mitte,1
2020-06-02,Mitte,5
2020-06-03,Mitte,4
2020-06-04,Mitte,4
2020-06-05,Mitte,5
2020-06-06,Mitte,0
2020-06-07,Mitte,0
2020-06-08,Mitte,6
2020-06-09,Mitte,7
2020-06-10,Mitte,6
2020-06-11,Mitte,9
2020-06-12,Mitte,2
2020-06-13,Mitte,25
2020-06-14,Mitte,1
2020-06-15,Mitte,12
2020-06-16,Mitte,6
2020-06-17,Mitte,9
2020-06-18,Mitte,22
2020-06-19,Mitte,23
2020-06-20,Mitte,0
2020-06-21,Mitte,0
2020-06-22,Mitte,8
2020-06-23,Mitte,4
2020-06-24,Mitte,7
2020-06-25,Mitte,10
2020-06-26,Mitte,11
2020-06-27,Mitte,0
2020-06-28,Mitte,0
2020-06-29,Mitte,14
2020-06-30,Mitte,10
2020-07-01,Mitte,8
2020-07-02,Mitte,10
2020-07-03,Mitte,5
2020-07-04,Mitte,13
2020-07-05,Mitte,0
2020-07-06,Mitte,7
2020-07-07,Mitte,10
2020-07-08,Mitte,4
2020-07-09,Mitte,5
2020-07-10,Mitte,7
2020-07-11,Mitte,0
2020-07-12,Mitte,0
2020-07-13,Mitte,8
2020-07-14,Mitte,2
2020-07-15,Mitte,2
2020-07-16,Mitte,0
2020-07-17,Mitte,4
2020-07-18,Mitte,0
2020-07-19,Mitte,0
2020-07-20,Mitte,6
2020-07-21,Mitte,11
2020-07-22,Mitte,2
2020-07-23,Mitte,12
2020-07-24,Mitte,7
2020-07-25,Mitte,3
2020-07-26,Mitte,0
2020-07-27,Mitte,4
2020-07-28,Mitte,15
2020-07-29,Mitte,6
2020-07-30,Mitte,3
2020-07-31,Mitte,23
2020-08-01,Mitte,6
2020-08-02,Mitte,0
2020-08-03,Mitte,3
2020-08-04,Mitte,9
2020-08-05,Mitte,13
2020-08-06,Mitte,21
2020-08-07,Mitte,30
2020-08-08,Mitte,0
2020-08-09,Mitte,0
2020-08-10,Mitte,15
2020-08-11,Mitte,23
2020-08-12,Mitte,30
2020-08-13,Mitte,19
2020-08-14,Mitte,21
2020-08-15,Mitte,4
2020-08-16,Mitte,0
2020-08-17,Mitte,16
2020-08-18,Mitte,13
2020-08-19,Mitte,13
2020-08-20,Mitte,27
2020-08-21,Mitte,11
2020-08-22,Mitte,1
2020-08-23,Mitte,0
2020-08-24,Mitte,9
2020-08-25,Mitte,9
2020-08-26,Mitte,20
2020-08-27,Mitte,16
2020-08-28,Mitte,19
2020-08-29,Mitte,0
2020-08-30,Mitte,0
2020-08-31,Mitte,33
2020-09-01,Mitte,15
2020-09-02,Mitte,9
2020-09-03,Mitte,15
2020-09-04,Mitte,15
2020-09-05,Mitte,0
2020-09-06,Mitte,0
2020-09-07,Mitte,20
2020-09-08,Mitte,14
2020-09-09,Mitte,27
2020-09-10,Mitte,22
2020-09-11,Mitte,15
2020-09-12,Mitte,0
2020-09-13,Mitte,0
2020-09-14,Mitte,33
2020-09-15,Mitte,17
2020-09-16,Mitte,30
2020-09-17,Mitte,25
2020-09-18,Mitte,29
2020-09-19,Mitte,0
2020-09-20,Mitte,0
2020-09-21,Mitte,56
2020-09-22,Mitte,24
2020-09-23,Mitte,17
2020-09-24,Mitte,55
2020-09-25,Mitte,41
2020-09-26,Mitte,18
2020-09-27,Mitte,0
2020-09-28,Mitte,36
2020-09-29,Mitte,32
2020-09-30,Mitte,53
2020-10-01,Mitte,51
2020-10-02,Mitte,49
2020-10-03,Mitte,0
2020-10-04,Mitte,0
2020-10-05,Mitte,62
2020-10-06,Mitte,69
2020-10-07,Mitte,79
2020-10-08,Mitte,82
2020-10-09,Mitte,96
2020-10-10,Mitte,19
2020-10-11,Mitte,1
2020-10-12,Mitte,111
2020-10-13,Mitte,69
2020-10-14,Mitte,111
2020-10-15,Mitte,107
2020-10-16,Mitte,118
2020-10-17,Mitte,0
2020-10-18,Mitte,31
2020-10-19,Mitte,118
2020-10-20,Mitte,170
2020-10-21,Mitte,189
2020-10-22,Mitte,165
2020-10-23,Mitte,132
2020-10-24,Mitte,0
2020-10-25,Mitte,0
2020-10-26,Mitte,172
2020-10-27,Mitte,165
2020-10-28,Mitte,190
2020-10-29,Mitte,134
2020-10-30,Mitte,108
2020-10-31,Mitte,0
2020-11-01,Mitte,1
2020-11-02,Mitte,198
2020-11-03,Mitte,130
2020-11-04,Mitte,123
2020-11-05,Mitte,196
2020-11-06,Mitte,174
2020-11-07,Mitte,0
2020-11-08,Mitte,0
2020-11-09,Mitte,250
2020-11-10,Mitte,178
2020-11-11,Mitte,344
2020-11-12,Mitte,345
2020-11-13,Mitte,268
2020-11-14,Mitte,4
2020-11-15,Mitte,6
2020-11-16,Mitte,300
2020-11-17,Mitte,224
2020-11-18,Mitte,155
2020-11-19,Mitte,212
2020-11-20,Mitte,217
2020-11-21,Mitte,1
2020-11-22,Mitte,0
2020-11-23,Mitte,149
2020-11-24,Mitte,197
2020-11-25,Mitte,135
2020-11-26,Mitte,184
2020-11-27,Mitte,164
2020-11-28,Mitte,0
2020-11-29,Mitte,0
2020-03-03,Neukoelln,1
2020-03-04,Neukoelln,0
2020-03-05,Neukoelln,0
2020-03-06,Neukoelln,0
2020-03-07,Neukoelln,0
2020-03-08,Neukoelln,0
2020-03-09,Neukoelln,3
2020-03-10,Neukoelln,1
2020-03-11,Neukoelln,4
2020-03-12,Neukoelln,7
2020-03-13,Neukoelln,3
2020-03-14,Neukoelln,1
2020-03-15,Neukoelln,2
2020-03-16,Neukoelln,2
2020-03-17,Neukoelln,6
2020-03-18,Neukoelln,11
2020-03-19,Neukoelln,25
2020-03-20,Neukoelln,17
2020-03-21,Neukoelln,13
2020-03-22,Neukoelln,3
2020-03-23,Neukoelln,14
2020-03-24,Neukoelln,23
2020-03-25,Neukoelln,31
2020-03-26,Neukoelln,27
2020-03-27,Neukoelln,25
2020-03-28,Neukoelln,40
2020-03-29,Neukoelln,0
2020-03-30,Neukoelln,10
2020-03-31,Neukoelln,16
2020-04-01,Neukoelln,35
2020-04-02,Neukoelln,32
2020-04-03,Neukoelln,36
2020-04-04,Neukoelln,12
2020-04-05,Neukoelln,0
2020-04-06,Neukoelln,23
2020-04-07,Neukoelln,14
2020-04-08,Neukoelln,20
2020-04-09,Neukoelln,21
2020-04-10,Neukoelln,8
2020-04-11,Neukoelln,4
2020-04-12,Neukoelln,0
2020-04-13,Neukoelln,5
2020-04-14,Neukoelln,11
2020-04-15,Neukoelln,9
2020-04-16,Neukoelln,13
2020-04-17,Neukoelln,11
2020-04-18,Neukoelln,11
2020-04-19,Neukoelln,0
2020-04-20,Neukoelln,12
2020-04-21,Neukoelln,15
2020-04-22,Neukoelln,10
2020-04-23,Neukoelln,12
2020-04-24,Neukoelln,13
2020-04-25,Neukoelln,6
2020-04-26,Neukoelln,0
2020-04-27,Neukoelln,13
2020-04-28,Neukoelln,6
2020-04-29,Neukoelln,11
2020-04-30,Neukoelln,11
2020-05-01,Neukoelln,1
2020-05-02,Neukoelln,5
2020-05-03,Neukoelln,0
2020-05-04,Neukoelln,2
2020-05-05,Neukoelln,4
2020-05-06,Neukoelln,7
2020-05-07,Neukoelln,7
2020-05-08,Neukoelln,0
2020-05-09,Neukoelln,1
2020-05-10,Neukoelln,1
2020-05-11,Neukoelln,3
2020-05-12,Neukoelln,12
2020-05-13,Neukoelln,6
2020-05-14,Neukoelln,6
2020-05-15,Neukoelln,2
2020-05-16,Neukoelln,4
2020-05-17,Neukoelln,1
2020-05-18,Neukoelln,5
2020-05-19,Neukoelln,3
2020-05-20,Neukoelln,5
2020-05-21,Neukoelln,1
2020-05-22,Neukoelln,7
2020-05-23,Neukoelln,0
2020-05-24,Neukoelln,1
2020-05-25,Neukoelln,4
2020-05-26,Neukoelln,2
2020-05-27,Neukoelln,6
2020-05-28,Neukoelln,1
2020-05-29,Neukoelln,4
2020-05-30,Neukoelln,3
2020-05-31,Neukoelln,0
2020-06-01,Neukoelln,0
2020-06-02,Neukoelln,2
2020-06-03,Neukoelln,6
2020-06-04,Neukoelln,7
2020-06-05,Neukoelln,8
2020-06-06,Neukoelln,1
2020-06-07,Neukoelln,3
2020-06-08,Neukoelln,7
2020-06-09,Neukoelln,8
2020-06-10,Neukoelln,36
2020-06-11,Neukoelln,5
2020-06-12,Neukoelln,11
2020-06-13,Neukoelln,13
2020-06-14,Neukoelln,2
2020-06-15,Neukoelln,5
2020-06-16,Neukoelln,19
2020-06-17,Neukoelln,26
2020-06-18,Neukoelln,24
2020-06-19,Neukoelln,7
2020-06-20,Neukoelln,5
2020-06-21,Neukoelln,3
2020-06-22,Neukoelln,6
2020-06-23,Neukoelln,11
2020-06-24,Neukoelln,14
2020-06-25,Neukoelln,9
2020-06-26,Neukoelln,9
2020-06-27,Neukoelln,6
2020-06-28,Neukoelln,2
2020-06-29,Neukoelln,9
2020-06-30,Neukoelln,5
2020-07-01,Neukoelln,8
2020-07-02,Neukoelln,6
2020-07-03,Neukoelln,5
2020-07-04,Neukoelln,2
2020-07-05,Neukoelln,0
2020-07-06,Neukoelln,4
2020-07-07,Neukoelln,1
2020-07-08,Neukoelln,4
2020-07-09,Neukoelln,4
2020-07-10,Neukoelln,7
2020-07-11,Neukoelln,1
2020-07-12,Neukoelln,0
2020-07-13,Neukoelln,0
2020-07-14,Neukoelln,0
2020-07-15,Neukoelln,8
2020-07-16,Neukoelln,1
2020-07-17,Neukoelln,2
2020-07-18,Neukoelln,1
2020-07-19,Neukoelln,0
2020-07-20,Neukoelln,6
2020-07-21,Neukoelln,0
2020-07-22,Neukoelln,4
2020-07-23,Neukoelln,2
2020-07-24,Neukoelln,8
2020-07-25,Neukoelln,0
2020-07-26,Neukoelln,0
2020-07-27,Neukoelln,8
2020-07-28,Neukoelln,6
2020-07-29,Neukoelln,11
2020-07-30,Neukoelln,10
2020-07-31,Neukoelln,9
2020-08-01,Neukoelln,12
2020-08-02,Neukoelln,0
2020-08-03,Neukoelln,5
2020-08-04,Neukoelln,2
2020-08-05,Neukoelln,7
2020-08-06,Neukoelln,13
2020-08-07,Neukoelln,19
2020-08-08,Neukoelln,4
2020-08-09,Neukoelln,2
2020-08-10,Neukoelln,14
2020-08-11,Neukoelln,21
2020-08-12,Neukoelln,20
2020-08-13,Neukoelln,15
2020-08-14,Neukoelln,9
2020-08-15,Neukoelln,7
2020-08-16,Neukoelln,2
2020-08-17,Neukoelln,16
2020-08-18,Neukoelln,10
2020-08-19,Neukoelln,7
2020-08-20,Neukoelln,12
2020-08-21,Neukoelln,5
2020-08-22,Neukoelln,2
2020-08-23,Neukoelln,0
2020-08-24,Neukoelln,18
2020-08-25,Neukoelln,12
2020-08-26,Neukoelln,15
2020-08-27,Neukoelln,11
2020-08-28,Neukoelln,15
2020-08-29,Neukoelln,6
2020-08-30,Neukoelln,2
2020-08-31,Neukoelln,7
2020-09-01,Neukoelln,5
2020-09-02,Neukoelln,13
2020-09-03,Neukoelln,9
2020-09-04,Neukoelln,12
2020-09-05,Neukoelln,0
2020-09-06,Neukoelln,0
2020-09-07,Neukoelln,34
2020-09-08,Neukoelln,1
2020-09-09,Neukoelln,21
2020-09-10,Neukoelln,20
2020-09-11,Neukoelln,10
2020-09-12,Neukoelln,10
2020-09-13,Neukoelln,4
2020-09-14,Neukoelln,3
2020-09-15,Neukoelln,10
2020-09-16,Neukoelln,23
2020-09-17,Neukoelln,26
2020-09-18,Neukoelln,25
2020-09-19,Neukoelln,12
2020-09-20,Neukoelln,8
2020-09-21,Neukoelln,15
2020-09-22,Neukoelln,26
2020-09-23,Neukoelln,17
2020-09-24,Neukoelln,39
2020-09-25,Neukoelln,17
2020-09-26,Neukoelln,1
2020-09-27,Neukoelln,8
2020-09-28,Neukoelln,39
2020-09-29,Neukoelln,45
2020-09-30,Neukoelln,50
2020-10-01,Neukoelln,12
2020-10-02,Neukoelln,57
2020-10-03,Neukoelln,16
2020-10-04,Neukoelln,70
2020-10-05,Neukoelln,40
2020-10-06,Neukoelln,72
2020-10-07,Neukoelln,115
2020-10-08,Neukoelln,108
2020-10-09,Neukoelln,86
2020-10-10,Neukoelln,1
2020-10-11,Neukoelln,43
2020-10-12,Neukoelln,144
2020-10-13,Neukoelln,80
2020-10-14,Neukoelln,95
2020-10-15,Neukoelln,114
2020-10-16,Neukoelln,114
2020-10-17,Neukoelln,0
2020-10-18,Neukoelln,79
2020-10-19,Neukoelln,138
2020-10-20,Neukoelln,182
2020-10-21,Neukoelln,156
2020-10-22,Neukoelln,145
2020-10-23,Neukoelln,201
2020-10-24,Neukoelln,0
2020-10-25,Neukoelln,137
2020-10-26,Neukoelln,6
2020-10-27,Neukoelln,164
2020-10-28,Neukoelln,189
2020-10-29,Neukoelln,146
2020-10-30,Neukoelln,189
2020-10-31,Neukoelln,0
2020-11-01,Neukoelln,155
2020-11-02,Neukoelln,231
2020-11-03,Neukoelln,181
2020-11-04,Neukoelln,203
2020-11-05,Neukoelln,195
2020-11-06,Neukoelln,105
2020-11-07,Neukoelln,6
2020-11-08,Neukoelln,70
2020-11-09,Neukoelln,192
2020-11-10,Neukoelln,173
2020-11-11,Neukoelln,223
2020-11-12,Neukoelln,201
2020-11-13,Neukoelln,125
2020-11-14,Neukoelln,5
2020-11-15,Neukoelln,177
2020-11-16,Neukoelln,194
2020-11-17,Neukoelln,255
2020-11-18,Neukoelln,164
2020-11-19,Neukoelln,200
2020-11-20,Neukoelln,125
2020-11-21,Neukoelln,19
2020-11-22,Neukoelln,6
2020-11-23,Neukoelln,242
2020-11-24,Neukoelln,151
2020-11-25,Neukoelln,133
2020-11-26,Neukoelln,141
2020-11-27,Neukoelln,167
2020-11-28,Neukoelln,0
2020-11-29,Neukoelln,27
2020-03-03,Tempelhof-Schoeneberg,1
2020-03-04,Tempelhof-Schoeneberg,0
2020-03-05,Tempelhof-Schoeneberg,0
2020-03-06,Tempelhof-Schoeneberg,1
2020-03-07,Tempelhof-Schoeneberg,0
2020-03-08,Tempelhof-Schoeneberg,0
2020-03-09,Tempelhof-Schoeneberg,3
2020-03-10,Tempelhof-Schoeneberg,5
2020-03-11,Tempelhof-Schoeneberg,1
2020-03-12,Tempelhof-Schoeneberg,5
2020-03-13,Tempelhof-Schoeneberg,7
2020-03-14,Tempelhof-Schoeneberg,2
2020-03-15,Tempelhof-Schoeneberg,1
2020-03-16,Tempelhof-Schoeneberg,6
2020-03-17,Tempelhof-Schoeneberg,11
2020-03-18,Tempelhof-Schoeneberg,26
2020-03-19,Tempelhof-Schoeneberg,15
2020-03-20,Tempelhof-Schoeneberg,16
2020-03-21,Tempelhof-Schoeneberg,15
2020-03-22,Tempelhof-Schoeneberg,2
2020-03-23,Tempelhof-Schoeneberg,13
2020-03-24,Tempelhof-Schoeneberg,30
2020-03-25,Tempelhof-Schoeneberg,30
2020-03-26,Tempelhof-Schoeneberg,27
2020-03-27,Tempelhof-Schoeneberg,23
2020-03-28,Tempelhof-Schoeneberg,10
2020-03-29,Tempelhof-Schoeneberg,10
2020-03-30,Tempelhof-Schoeneberg,20
2020-03-31,Tempelhof-Schoeneberg,24
2020-04-01,Tempelhof-Schoeneberg,16
2020-04-02,Tempelhof-Schoeneberg,19
2020-04-03,Tempelhof-Schoeneberg,31
2020-04-04,Tempelhof-Schoeneberg,22
2020-04-05,Tempelhof-Schoeneberg,10
2020-04-06,Tempelhof-Schoeneberg,9
2020-04-07,Tempelhof-Schoeneberg,18
2020-04-08,Tempelhof-Schoeneberg,19
2020-04-09,Tempelhof-Schoeneberg,18
2020-04-10,Tempelhof-Schoeneberg,11
2020-04-11,Tempelhof-Schoeneberg,2
2020-04-12,Tempelhof-Schoeneberg,5
2020-04-13,Tempelhof-Schoeneberg,2
2020-04-14,Tempelhof-Schoeneberg,6
2020-04-15,Tempelhof-Schoeneberg,17
2020-04-16,Tempelhof-Schoeneberg,8
2020-04-17,Tempelhof-Schoeneberg,8
2020-04-18,Tempelhof-Schoeneberg,9
2020-04-19,Tempelhof-Schoeneberg,3
2020-04-20,Tempelhof-Schoeneberg,6
2020-04-21,Tempelhof-Schoeneberg,1
2020-04-22,Tempelhof-Schoeneberg,12
2020-04-23,Tempelhof-Schoeneberg,11
2020-04-24,Tempelhof-Schoeneberg,7
2020-04-25,Tempelhof-Schoeneberg,0
2020-04-26,Tempelhof-Schoeneberg,1
2020-04-27,Tempelhof-Schoeneberg,2
2020-04-28,Tempelhof-Schoeneberg,13
2020-04-29,Tempelhof-Schoeneberg,6
2020-04-30,Tempelhof-Schoeneberg,3
2020-05-01,Tempelhof-Schoeneberg,6
2020-05-02,Tempelhof-Schoeneberg,0
2020-05-03,Tempelhof-Schoeneberg,8
2020-05-04,Tempelhof-Schoeneberg,6
2020-05-05,Tempelhof-Schoeneberg,4
2020-05-06,Tempelhof-Schoeneberg,9
2020-05-07,Tempelhof-Schoeneberg,5
2020-05-08,Tempelhof-Schoeneberg,3
2020-05-09,Tempelhof-Schoeneberg,3
2020-05-10,Tempelhof-Schoeneberg,1
2020-05-11,Tempelhof-Schoeneberg,3
2020-05-12,Tempelhof-Schoeneberg,0
2020-05-13,Tempelhof-Schoeneberg,10
2020-05-14,Tempelhof-Schoeneberg,2
2020-05-15,Tempelhof-Schoeneberg,1
2020-05-16,Tempelhof-Schoeneberg,0
2020-05-17,Tempelhof-Schoeneberg,2
2020-05-18,Tempelhof-Schoeneberg,0
2020-05-19,Tempelhof-Schoeneberg,1
2020-05-20,Tempelhof-Schoeneberg,3
2020-05-21,Tempelhof-Schoeneberg,1
2020-05-22,Tempelhof-Schoeneberg,2
2020-05-23,Tempelhof-Schoeneberg,1
2020-05-24,Tempelhof-Schoeneberg,0
2020-05-25,Tempelhof-Schoeneberg,0
2020-05-26,Tempelhof-Schoeneberg,2
2020-05-27,Tempelhof-Schoeneberg,4
2020-05-28,Tempelhof-Schoeneberg,5
2020-05-29,Tempelhof-Schoeneberg,0
2020-05-30,Tempelhof-Schoeneberg,1
2020-05-31,Tempelhof-Schoeneberg,0
2020-06-01,Tempelhof-Schoeneberg,0
2020-06-02,Tempelhof-Schoeneberg,8
2020-06-03,Tempelhof-Schoeneberg,0
2020-06-04,Tempelhof-Schoeneberg,1
2020-06-05,Tempelhof-Schoeneberg,1
2020-06-06,Tempelhof-Schoeneberg,2
2020-06-07,Tempelhof-Schoeneberg,0
2020-06-08,Tempelhof-Schoeneberg,0
2020-06-09,Tempelhof-Schoeneberg,16
2020-06-10,Tempelhof-Schoeneberg,4
2020-06-11,Tempelhof-Schoeneberg,3
2020-06-12,Tempelhof-Schoeneberg,1
2020-06-13,Tempelhof-Schoeneberg,6
2020-06-14,Tempelhof-Schoeneberg,0
2020-06-15,Tempelhof-Schoeneberg,0
2020-06-16,Tempelhof-Schoeneberg,1
2020-06-17,Tempelhof-Schoeneberg,5
2020-06-18,Tempelhof-Schoeneberg,16
2020-06-19,Tempelhof-Schoeneberg,8
2020-06-20,Tempelhof-Schoeneberg,4
2020-06-21,Tempelhof-Schoeneberg,3
2020-06-22,Tempelhof-Schoeneberg,6
2020-06-23,Tempelhof-Schoeneberg,11
2020-06-24,Tempelhof-Schoeneberg,4
2020-06-25,Tempelhof-Schoeneberg,12
2020-06-26,Tempelhof-Schoeneberg,1
2020-06-27,Tempelhof-Schoeneberg,2
2020-06-28,Tempelhof-Schoeneberg,0
2020-06-29,Tempelhof-Schoeneberg,1
2020-06-30,Tempelhof-Schoeneberg,3
2020-07-01,Tempelhof-Schoeneberg,1
2020-07-02,Tempelhof-Schoeneberg,2
2020-07-03,Tempelhof-Schoeneberg,5
2020-07-04,Tempelhof-Schoeneberg,11
2020-07-05,Tempelhof-Schoeneberg,1
2020-07-06,Tempelhof-Schoeneberg,1
2020-07-07,Tempelhof-Schoeneberg,2
2020-07-08,Tempelhof-Schoeneberg,3
2020-07-09,Tempelhof-Schoeneberg,2
2020-07-10,Tempelhof-Schoeneberg,0
2020-07-11,Tempelhof-Schoeneberg,1
2020-07-12,Tempelhof-Schoeneberg,1
2020-07-13,Tempelhof-Schoeneberg,1
2020-07-14,Tempelhof-Schoeneberg,5
2020-07-15,Tempelhof-Schoeneberg,5
2020-07-16,Tempelhof-Schoeneberg,3
2020-07-17,Tempelhof-Schoeneberg,1
2020-07-18,Tempelhof-Schoeneberg,1
2020-07-19,Tempelhof-Schoeneberg,0
2020-07-20,Tempelhof-Schoeneberg,2
2020-07-21,Tempelhof-Schoeneberg,2
2020-07-22,Tempelhof-Schoeneberg,1
2020-07-23,Tempelhof-Schoeneberg,2
2020-07-24,Tempelhof-Schoeneberg,4
2020-07-25,Tempelhof-Schoeneberg,4
2020-07-26,Tempelhof-Schoeneberg,3
2020-07-27,Tempelhof-Schoeneberg,1
2020-07-28,Tempelhof-Schoeneberg,5
2020-07-29,Tempelhof-Schoeneberg,6
2020-07-30,Tempelhof-Schoeneberg,1
2020-07-31,Tempelhof-Schoeneberg,4
2020-08-01,Tempelhof-Schoeneberg,4
2020-08-02,Tempelhof-Schoeneberg,0
2020-08-03,Tempelhof-Schoeneberg,1
2020-08-04,Tempelhof-Schoeneberg,4
2020-08-05,Tempelhof-Schoeneberg,9
2020-08-06,Tempelhof-Schoeneberg,7
2020-08-07,Tempelhof-Schoeneberg,6
2020-08-08,Tempelhof-Schoeneberg,4
2020-08-09,Tempelhof-Schoeneberg,1
2020-08-10,Tempelhof-Schoeneberg,1
2020-08-11,Tempelhof-Schoeneberg,11
2020-08-12,Tempelhof-Schoeneberg,7
2020-08-13,Tempelhof-Schoeneberg,9
2020-08-14,Tempelhof-Schoeneberg,5
2020-08-15,Tempelhof-Schoeneberg,11
2020-08-16,Tempelhof-Schoeneberg,0
2020-08-17,Tempelhof-Schoeneberg,5
2020-08-18,Tempelhof-Schoeneberg,12
2020-08-19,Tempelhof-Schoeneberg,3
2020-08-20,Tempelhof-Schoeneberg,4
2020-08-21,Tempelhof-Schoeneberg,4
2020-08-22,Tempelhof-Schoeneberg,5
2020-08-23,Tempelhof-Schoeneberg,0
2020-08-24,Tempelhof-Schoeneberg,10
2020-08-25,Tempelhof-Schoeneberg,3
2020-08-26,Tempelhof-Schoeneberg,7
2020-08-27,Tempelhof-Schoeneberg,6
2020-08-28,Tempelhof-Schoeneberg,12
2020-08-29,Tempelhof-Schoeneberg,5
2020-08-30,Tempelhof-Schoeneberg,2
2020-08-31,Tempelhof-Schoeneberg,5
2020-09-01,Tempelhof-Schoeneberg,6
2020-09-02,Tempelhof-Schoeneberg,5
2020-09-03,Tempelhof-Schoeneberg,5
2020-09-04,Tempelhof-Schoeneberg,12
2020-09-05,Tempelhof-Schoeneberg,9
2020-09-06,Tempelhof-Schoeneberg,1
2020-09-07,Tempelhof-Schoeneberg,2
2020-09-08,Tempelhof-Schoeneberg,9
2020-09-09,Tempelhof-Schoeneberg,5
2020-09-10,Tempelhof-Schoeneberg,21
2020-09-11,Tempelhof-Schoeneberg,17
2020-09-12,Tempelhof-Schoeneberg,10
2020-09-13,Tempelhof-Schoeneberg,1
2020-09-14,Tempelhof-Schoeneberg,7
2020-09-15,Tempelhof-Schoeneberg,18
2020-09-16,Tempelhof-Schoeneberg,14
2020-09-17,Tempelhof-Schoeneberg,18
2020-09-18,Tempelhof-Schoeneberg,15
2020-09-19,Tempelhof-Schoeneberg,5
2020-09-20,Tempelhof-Schoeneberg,10
2020-09-21,Tempelhof-Schoeneberg,8
2020-09-22,Tempelhof-Schoeneberg,17
2020-09-23,Tempelhof-Schoeneberg,24
2020-09-24,Tempelhof-Schoeneberg,23
2020-09-25,Tempelhof-Schoeneberg,26
2020-09-26,Tempelhof-Schoeneberg,19
2020-09-27,Tempelhof-Schoeneberg,7
2020-09-28,Tempelhof-Schoeneberg,15
2020-09-29,Tempelhof-Schoeneberg,18
2020-09-30,Tempelhof-Schoeneberg,31
2020-10-01,Tempelhof-Schoeneberg,47
2020-10-02,Tempelhof-Schoeneberg,45
2020-10-03,Tempelhof-Schoeneberg,13
2020-10-04,Tempelhof-Schoeneberg,19
2020-10-05,Tempelhof-Schoeneberg,30
2020-10-06,Tempelhof-Schoeneberg,43
2020-10-07,Tempelhof-Schoeneberg,58
2020-10-08,Tempelhof-Schoeneberg,49
2020-10-09,Tempelhof-Schoeneberg,58
2020-10-10,Tempelhof-Schoeneberg,28
2020-10-11,Tempelhof-Schoeneberg,41
2020-10-12,Tempelhof-Schoeneberg,47
2020-10-13,Tempelhof-Schoeneberg,51
2020-10-14,Tempelhof-Schoeneberg,61
2020-10-15,Tempelhof-Schoeneberg,80
2020-10-16,Tempelhof-Schoeneberg,44
2020-10-17,Tempelhof-Schoeneberg,31
2020-10-18,Tempelhof-Schoeneberg,30
2020-10-19,Tempelhof-Schoeneberg,99
2020-10-20,Tempelhof-Schoeneberg,148
2020-10-21,Tempelhof-Schoeneberg,74
2020-10-22,Tempelhof-Schoeneberg,111
2020-10-23,Tempelhof-Schoeneberg,73
2020-10-24,Tempelhof-Schoeneberg,47
2020-10-25,Tempelhof-Schoeneberg,3
2020-10-26,Tempelhof-Schoeneberg,100
2020-10-27,Tempelhof-Schoeneberg,97
2020-10-28,Tempelhof-Schoeneberg,94
2020-10-29,Tempelhof-Schoeneberg,73
2020-10-30,Tempelhof-Schoeneberg,112
2020-10-31,Tempelhof-Schoeneberg,64
2020-11-01,Tempelhof-Schoeneberg,81
2020-11-02,Tempelhof-Schoeneberg,100
2020-11-03,Tempelhof-Schoeneberg,215
2020-11-04,Tempelhof-Schoeneberg,171
2020-11-05,Tempelhof-Schoeneberg,151
2020-11-06,Tempelhof-Schoeneberg,97
2020-11-07,Tempelhof-Schoeneberg,101
2020-11-08,Tempelhof-Schoeneberg,48
2020-11-09,Tempelhof-Schoeneberg,164
2020-11-10,Tempelhof-Schoeneberg,191
2020-11-11,Tempelhof-Schoeneberg,188
2020-11-12,Tempelhof-Schoeneberg,169
2020-11-13,Tempelhof-Schoeneberg,95
2020-11-14,Tempelhof-Schoeneberg,101
2020-11-15,Tempelhof-Schoeneberg,72
2020-11-16,Tempelhof-Schoeneberg,183
2020-11-17,Tempelhof-Schoeneberg,159
2020-11-18,Tempelhof-Schoeneberg,104
2020-11-19,Tempelhof-Schoeneberg,91
2020-11-20,Tempelhof-Schoeneberg,141
2020-11-21,Tempelhof-Schoeneberg,86
2020-11-22,Tempelhof-Schoeneberg,125
2020-11-23,Tempelhof-Schoeneberg,237
2020-11-24,Tempelhof-Schoeneberg,114
2020-11-25,Tempelhof-Schoeneberg,141
2020-11-26,Tempelhof-Schoeneberg,129
2020-11-27,Tempelhof-Schoeneberg,157
2020-11-28,Tempelhof-Schoeneberg,69
2020-11-29,Tempelhof-Schoeneberg,41
2020-03-03,Friedrichshain-Kreuzberg,0
2020-03-04,Friedrichshain-Kreuzberg,2
2020-03-05,Friedrichshain-Kreuzberg,2
2020-03-06,Friedrichshain-Kreuzberg,0
2020-03-07,Friedrichshain-Kreuzberg,0
2020-03-08,Friedrichshain-Kreuzberg,1
2020-03-09,Friedrichshain-Kreuzberg,3
2020-03-10,Friedrichshain-Kreuzberg,4
2020-03-11,Friedrichshain-Kreuzberg,2
2020-03-12,Friedrichshain-Kreuzberg,0
2020-03-13,Friedrichshain-Kreuzberg,10
2020-03-14,Friedrichshain-Kreuzberg,5
2020-03-15,Friedrichshain-Kreuzberg,2
2020-03-16,Friedrichshain-Kreuzberg,6
2020-03-17,Friedrichshain-Kreuzberg,4
2020-03-18,Friedrichshain-Kreuzberg,19
2020-03-19,Friedrichshain-Kreuzberg,20
2020-03-20,Friedrichshain-Kreuzberg,16
2020-03-21,Friedrichshain-Kreuzberg,21
2020-03-22,Friedrichshain-Kreuzberg,9
2020-03-23,Friedrichshain-Kreuzberg,9
2020-03-24,Friedrichshain-Kreuzberg,19
2020-03-25,Friedrichshain-Kreuzberg,46
2020-03-26,Friedrichshain-Kreuzberg,19
2020-03-27,Friedrichshain-Kreuzberg,20
2020-03-28,Friedrichshain-Kreuzberg,14
2020-03-29,Friedrichshain-Kreuzberg,5
2020-03-30,Friedrichshain-Kreuzberg,13
2020-03-31,Friedrichshain-Kreuzberg,10
2020-04-01,Friedrichshain-Kreuzberg,22
2020-04-02,Friedrichshain-Kreuzberg,24
2020-04-03,Friedrichshain-Kreuzberg,17
2020-04-04,Friedrichshain-Kreuzberg,5
2020-04-05,Friedrichshain-Kreuzberg,2
2020-04-06,Friedrichshain-Kreuzberg,4
2020-04-07,Friedrichshain-Kreuzberg,9
2020-04-08,Friedrichshain-Kreuzberg,5
2020-04-09,Friedrichshain-Kreuzberg,14
2020-04-10,Friedrichshain-Kreuzberg,6
2020-04-11,Friedrichshain-Kreuzberg,5
2020-04-12,Friedrichshain-Kreuzberg,3
2020-04-13,Friedrichshain-Kreuzberg,2
2020-04-14,Friedrichshain-Kreuzberg,3
2020-04-15,Friedrichshain-Kreuzberg,7
2020-04-16,Friedrichshain-Kreuzberg,4
2020-04-17,Friedrichshain-Kreuzberg,4
2020-04-18,Friedrichshain-Kreuzberg,5
2020-04-19,Friedrichshain-Kreuzberg,4
2020-04-20,Friedrichshain-Kreuzberg,2
2020-04-21,Friedrichshain-Kreuzberg,5
2020-04-22,Friedrichshain-Kreuzberg,9
2020-04-23,Friedrichshain-Kreuzberg,5
2020-04-24,Friedrichshain-Kreuzberg,4
2020-04-25,Friedrichshain-Kreuzberg,2
2020-04-26,Friedrichshain-Kreuzberg,0
2020-04-27,Friedrichshain-Kreuzberg,1
2020-04-28,Friedrichshain-Kreuzberg,2
2020-04-29,Friedrichshain-Kreuzberg,3
2020-04-30,Friedrichshain-Kreuzberg,3
2020-05-01,Friedrichshain-Kreuzberg,1
2020-05-02,Friedrichshain-Kreuzberg,1
2020-05-03,Friedrichshain-Kreuzberg,0
2020-05-04,Friedrichshain-Kreuzberg,5
2020-05-05,Friedrichshain-Kreuzberg,5
2020-05-06,Friedrichshain-Kreuzberg,7
2020-05-07,Friedrichshain-Kreuzberg,3
2020-05-08,Friedrichshain-Kreuzberg,0
2020-05-09,Friedrichshain-Kreuzberg,0
2020-05-10,Friedrichshain-Kreuzberg,0
2020-05-11,Friedrichshain-Kreuzberg,2
2020-05-12,Friedrichshain-Kreuzberg,3
2020-05-13,Friedrichshain-Kreuzberg,4
2020-05-14,Friedrichshain-Kreuzberg,2
2020-05-15,Friedrichshain-Kreuzberg,0
2020-05-16,Friedrichshain-Kreuzberg,2
2020-05-17,Friedrichshain-Kreuzberg,2
2020-05-18,Friedrichshain-Kreuzberg,1
2020-05-19,Friedrichshain-Kreuzberg,7
2020-05-20,Friedrichshain-Kreuzberg,8
2020-05-21,Friedrichshain-Kreuzberg,0
2020-05-22,Friedrichshain-Kreuzberg,4
2020-05-23,Friedrichshain-Kreuzberg,0
2020-05-24,Friedrichshain-Kreuzberg,0
2020-05-25,Friedrichshain-Kreuzberg,2
2020-05-26,Friedrichshain-Kreuzberg,1
2020-05-27,Friedrichshain-Kreuzberg,1
2020-05-28,Friedrichshain-Kreuzberg,2
2020-05-29,Friedrichshain-Kreuzberg,1
2020-05-30,Friedrichshain-Kreuzberg,0
2020-05-31,Friedrichshain-Kreuzberg,2
2020-06-01,Friedrichshain-Kreuzberg,0
2020-06-02,Friedrichshain-Kreuzberg,12
2020-06-03,Friedrichshain-Kreuzberg,8
2020-06-04,Friedrichshain-Kreuzberg,6
2020-06-05,Friedrichshain-Kreuzberg,0
2020-06-06,Friedrichshain-Kreuzberg,4
2020-06-07,Friedrichshain-Kreuzberg,1
2020-06-08,Friedrichshain-Kreuzberg,0
2020-06-09,Friedrichshain-Kreuzberg,7
2020-06-10,Friedrichshain-Kreuzberg,1
2020-06-11,Friedrichshain-Kreuzberg,2
2020-06-12,Friedrichshain-Kreuzberg,1
2020-06-13,Friedrichshain-Kreuzberg,2
2020-06-14,Friedrichshain-Kreuzberg,0
2020-06-15,Friedrichshain-Kreuzberg,1
2020-06-16,Friedrichshain-Kreuzberg,4
2020-06-17,Friedrichshain-Kreuzberg,18
2020-06-18,Friedrichshain-Kreuzberg,7
2020-06-19,Friedrichshain-Kreuzberg,35
2020-06-20,Friedrichshain-Kreuzberg,6
2020-06-21,Friedrichshain-Kreuzberg,0
2020-06-22,Friedrichshain-Kreuzberg,4
2020-06-23,Friedrichshain-Kreuzberg,3
2020-06-24,Friedrichshain-Kreuzberg,4
2020-06-25,Friedrichshain-Kreuzberg,2
2020-06-26,Friedrichshain-Kreuzberg,4
2020-06-27,Friedrichshain-Kreuzberg,2
2020-06-28,Friedrichshain-Kreuzberg,0
2020-06-29,Friedrichshain-Kreuzberg,6
2020-06-30,Friedrichshain-Kreuzberg,1
2020-07-01,Friedrichshain-Kreuzberg,5
2020-07-02,Friedrichshain-Kreuzberg,12
2020-07-03,Friedrichshain-Kreuzberg,4
2020-07-04,Friedrichshain-Kreuzberg,1
2020-07-05,Friedrichshain-Kreuzberg,0
2020-07-06,Friedrichshain-Kreuzberg,0
2020-07-07,Friedrichshain-Kreuzberg,4
2020-07-08,Friedrichshain-Kreuzberg,3
2020-07-09,Friedrichshain-Kreuzberg,4
2020-07-10,Friedrichshain-Kreuzberg,3
2020-07-11,Friedrichshain-Kreuzberg,0
2020-07-12,Friedrichshain-Kreuzberg,0
2020-07-13,Friedrichshain-Kreuzberg,1
2020-07-14,Friedrichshain-Kreuzberg,0
2020-07-15,Friedrichshain-Kreuzberg,0
2020-07-16,Friedrichshain-Kreuzberg,0
2020-07-17,Friedrichshain-Kreuzberg,6
2020-07-18,Friedrichshain-Kreuzberg,0
2020-07-19,Friedrichshain-Kreuzberg,0
2020-07-20,Friedrichshain-Kreuzberg,1
2020-07-21,Friedrichshain-Kreuzberg,1
2020-07-22,Friedrichshain-Kreuzberg,1
2020-07-23,Friedrichshain-Kreuzberg,5
2020-07-24,Friedrichshain-Kreuzberg,5
2020-07-25,Friedrichshain-Kreuzberg,2
2020-07-26,Friedrichshain-Kreuzberg,0
2020-07-27,Friedrichshain-Kreuzberg,2
2020-07-28,Friedrichshain-Kreuzberg,3
2020-07-29,Friedrichshain-Kreuzberg,9
2020-07-30,Friedrichshain-Kreuzberg,10
2020-07-31,Friedrichshain-Kreuzberg,10
2020-08-01,Friedrichshain-Kreuzberg,1
2020-08-02,Friedrichshain-Kreuzberg,0
2020-08-03,Friedrichshain-Kreuzberg,5
2020-08-04,Friedrichshain-Kreuzberg,6
2020-08-05,Friedrichshain-Kreuzberg,5
2020-08-06,Friedrichshain-Kreuzberg,7
2020-08-07,Friedrichshain-Kreuzberg,16
2020-08-08,Friedrichshain-Kreuzberg,0
2020-08-09,Friedrichshain-Kreuzberg,0
2020-08-10,Friedrichshain-Kreuzberg,14
2020-08-11,Friedrichshain-Kreuzberg,8
2020-08-12,Friedrichshain-Kreuzberg,23
2020-08-13,Friedrichshain-Kreuzberg,8
2020-08-14,Friedrichshain-Kreuzberg,15
2020-08-15,Friedrichshain-Kreuzberg,2
2020-08-16,Friedrichshain-Kreuzberg,0
2020-08-17,Friedrichshain-Kreuzberg,12
2020-08-18,Friedrichshain-Kreuzberg,6
2020-08-19,Friedrichshain-Kreuzberg,7
2020-08-20,Friedrichshain-Kreuzberg,10
2020-08-21,Friedrichshain-Kreuzberg,19
2020-08-22,Friedrichshain-Kreuzberg,1
2020-08-23,Friedrichshain-Kreuzberg,0
2020-08-24,Friedrichshain-Kreuzberg,8
2020-08-25,Friedrichshain-Kreuzberg,8
2020-08-26,Friedrichshain-Kreuzberg,14
2020-08-27,Friedrichshain-Kreuzberg,11
2020-08-28,Friedrichshain-Kreuzberg,13
2020-08-29,Friedrichshain-Kreuzberg,3
2020-08-30,Friedrichshain-Kreuzberg,0
2020-08-31,Friedrichshain-Kreuzberg,19
2020-09-01,Friedrichshain-Kreuzberg,5
2020-09-02,Friedrichshain-Kreuzberg,10
2020-09-03,Friedrichshain-Kreuzberg,12
2020-09-04,Friedrichshain-Kreuzberg,29
2020-09-05,Friedrichshain-Kreuzberg,19
2020-09-06,Friedrichshain-Kreuzberg,0
2020-09-07,Friedrichshain-Kreuzberg,15
2020-09-08,Friedrichshain-Kreuzberg,10
2020-09-09,Friedrichshain-Kreuzberg,17
2020-09-10,Friedrichshain-Kreuzberg,28
2020-09-11,Friedrichshain-Kreuzberg,11
2020-09-12,Friedrichshain-Kreuzberg,6
2020-09-13,Friedrichshain-Kreuzberg,0
2020-09-14,Friedrichshain-Kreuzberg,30
2020-09-15,Friedrichshain-Kreuzberg,11
2020-09-16,Friedrichshain-Kreuzberg,28
2020-09-17,Friedrichshain-Kreuzberg,28
2020-09-18,Friedrichshain-Kreuzberg,41
2020-09-19,Friedrichshain-Kreuzberg,5
2020-09-20,Friedrichshain-Kreuzberg,0
2020-09-21,Friedrichshain-Kreuzberg,24
2020-09-22,Friedrichshain-Kreuzberg,24
2020-09-23,Friedrichshain-Kreuzberg,19
2020-09-24,Friedrichshain-Kreuzberg,21
2020-09-25,Friedrichshain-Kreuzberg,23
2020-09-26,Friedrichshain-Kreuzberg,21
2020-09-27,Friedrichshain-Kreuzberg,0
2020-09-28,Friedrichshain-Kreuzberg,31
2020-09-29,Friedrichshain-Kreuzberg,26
2020-09-30,Friedrichshain-Kreuzberg,22
2020-10-01,Friedrichshain-Kreuzberg,33
2020-10-02,Friedrichshain-Kreuzberg,37
2020-10-03,Friedrichshain-Kreuzberg,20
2020-10-04,Friedrichshain-Kreuzberg,0
2020-10-05,Friedrichshain-Kreuzberg,39
2020-10-06,Friedrichshain-Kreuzberg,17
2020-10-07,Friedrichshain-Kreuzberg,50
2020-10-08,Friedrichshain-Kreuzberg,24
2020-10-09,Friedrichshain-Kreuzberg,44
2020-10-10,Friedrichshain-Kreuzberg,23
2020-10-11,Friedrichshain-Kreuzberg,0
2020-10-12,Friedrichshain-Kreuzberg,73
2020-10-13,Friedrichshain-Kreuzberg,63
2020-10-14,Friedrichshain-Kreuzberg,70
2020-10-15,Friedrichshain-Kreuzberg,47
2020-10-16,Friedrichshain-Kreuzberg,62
2020-10-17,Friedrichshain-Kreuzberg,13
2020-10-18,Friedrichshain-Kreuzberg,0
2020-10-19,Friedrichshain-Kreuzberg,142
2020-10-20,Friedrichshain-Kreuzberg,69
2020-10-21,Friedrichshain-Kreuzberg,79
2020-10-22,Friedrichshain-Kreuzberg,82
2020-10-23,Friedrichshain-Kreuzberg,51
2020-10-24,Friedrichshain-Kreuzberg,62
2020-10-25,Friedrichshain-Kreuzberg,0
2020-10-26,Friedrichshain-Kreuzberg,216
2020-10-27,Friedrichshain-Kreuzberg,141
2020-10-28,Friedrichshain-Kreuzberg,186
2020-10-29,Friedrichshain-Kreuzberg,96
2020-10-30,Friedrichshain-Kreuzberg,96
2020-10-31,Friedrichshain-Kreuzberg,36
2020-11-01,Friedrichshain-Kreuzberg,0
2020-11-02,Friedrichshain-Kreuzberg,190
2020-11-03,Friedrichshain-Kreuzberg,100
2020-11-04,Friedrichshain-Kreuzberg,182
2020-11-05,Friedrichshain-Kreuzberg,99
2020-11-06,Friedrichshain-Kreuzberg,29
2020-11-07,Friedrichshain-Kreuzberg,11
2020-11-08,Friedrichshain-Kreuzberg,0
2020-11-09,Friedrichshain-Kreuzberg,69
2020-11-10,Friedrichshain-Kreuzberg,123
2020-11-11,Friedrichshain-Kreuzberg,176
2020-11-12,Friedrichshain-Kreuzberg,98
2020-11-13,Friedrichshain-Kreuzberg,167
2020-11-14,Friedrichshain-Kreuzberg,30
2020-11-15,Friedrichshain-Kreuzberg,0
2020-11-16,Friedrichshain-Kreuzberg,152
2020-11-17,Friedrichshain-Kreuzberg,201
2020-11-18,Friedrichshain-Kreuzberg,176
2020-11-19,Friedrichshain-Kreuzberg,233
2020-11-20,Friedrichshain-Kreuzberg,193
2020-11-21,Friedrichshain-Kreuzberg,22
2020-11-22,Friedrichshain-Kreuzberg,0
2020-11-23,Friedrichshain-Kreuzberg,293
2020-11-24,Friedrichshain-Kreuzberg,169
2020-11-25,Friedrichshain-Kreuzberg,57
2020-11-26,Friedrichshain-Kreuzberg,127
2020-11-27,Friedrichshain-Kreuzberg,87
2020-11-28,Friedrichshain-Kreuzberg,50
2020-11-29,Friedrichshain-Kreuzberg,0
2020-03-03,Pankow,0
2020-03-04,Pankow,1
2020-03-05,Pankow,2
2020-03-06,Pankow,1
2020-03-07,Pankow,0
2020-03-08,Pankow,0
2020-03-09,Pankow,2
2020-03-10,Pankow,3
2020-03-11,Pankow,6
2020-03-12,Pankow,4
2020-03-13,Pankow,9
2020-03-14,Pankow,0
2020-03-15,Pankow,0
2020-03-16,Pankow,14
2020-03-17,Pankow,8
2020-03-18,Pankow,10
2020-03-19,Pankow,17
2020-03-20,Pankow,16
2020-03-21,Pankow,15
2020-03-22,Pankow,7
2020-03-23,Pankow,9
2020-03-24,Pankow,22
2020-03-25,Pankow,18
2020-03-26,Pankow,38
2020-03-27,Pankow,32
2020-03-28,Pankow,11
2020-03-29,Pankow,11
2020-03-30,Pankow,13
2020-03-31,Pankow,19
2020-04-01,Pankow,13
2020-04-02,Pankow,21
2020-04-03,Pankow,37
2020-04-04,Pankow,10
2020-04-05,Pankow,8
2020-04-06,Pankow,12
2020-04-07,Pankow,18
2020-04-08,Pankow,18
2020-04-09,Pankow,27
2020-04-10,Pankow,4
2020-04-11,Pankow,8
2020-04-12,Pankow,7
2020-04-13,Pankow,5
2020-04-14,Pankow,7
2020-04-15,Pankow,6
2020-04-16,Pankow,12
2020-04-17,Pankow,31
2020-04-18,Pankow,12
2020-04-19,Pankow,4
2020-04-20,Pankow,4
2020-04-21,Pankow,9
2020-04-22,Pankow,6
2020-04-23,Pankow,7
2020-04-24,Pankow,15
2020-04-25,Pankow,1
2020-04-26,Pankow,1
2020-04-27,Pankow,3
2020-04-28,Pankow,5
2020-04-29,Pankow,3
2020-04-30,Pankow,12
2020-05-01,Pankow,0
2020-05-02,Pankow,9
2020-05-03,Pankow,2
2020-05-04,Pankow,4
2020-05-05,Pankow,6
2020-05-06,Pankow,5
2020-05-07,Pankow,6
2020-05-08,Pankow,0
2020-05-09,Pankow,3
2020-05-10,Pankow,0
2020-05-11,Pankow,3
2020-05-12,Pankow,0
2020-05-13,Pankow,9
2020-05-14,Pankow,1
2020-05-15,Pankow,1
2020-05-16,Pankow,0
2020-05-17,Pankow,1
2020-05-18,Pankow,12
2020-05-19,Pankow,12
2020-05-20,Pankow,6
2020-05-21,Pankow,0
2020-05-22,Pankow,9
2020-05-23,Pankow,1
2020-05-24,Pankow,0
2020-05-25,Pankow,0
2020-05-26,Pankow,1
2020-05-27,Pankow,4
2020-05-28,Pankow,0
2020-05-29,Pankow,1
2020-05-30,Pankow,0
2020-05-31,Pankow,0
2020-06-01,Pankow,0
2020-06-02,Pankow,5
2020-06-03,Pankow,3
2020-06-04,Pankow,0
2020-06-05,Pankow,4
2020-06-06,Pankow,0
2020-06-07,Pankow,1
2020-06-08,Pankow,3
2020-06-09,Pankow,2
2020-06-10,Pankow,2
2020-06-11,Pankow,3
2020-06-12,Pankow,3
2020-06-13,Pankow,0
2020-06-14,Pankow,3
2020-06-15,Pankow,1
2020-06-16,Pankow,8
2020-06-17,Pankow,3
2020-06-18,Pankow,2
2020-06-19,Pankow,5
2020-06-20,Pankow,0
2020-06-21,Pankow,0
2020-06-22,Pankow,6
2020-06-23,Pankow,5
2020-06-24,Pankow,2
2020-06-25,Pankow,1
2020-06-26,Pankow,1
2020-06-27,Pankow,0
2020-06-28,Pankow,0
2020-06-29,Pankow,4
2020-06-30,Pankow,0
2020-07-01,Pankow,6
2020-07-02,Pankow,2
2020-07-03,Pankow,3
2020-07-04,Pankow,0
2020-07-05,Pankow,0
2020-07-06,Pankow,6
2020-07-07,Pankow,3
2020-07-08,Pankow,1
2020-07-09,Pankow,1
2020-07-10,Pankow,2
2020-07-11,Pankow,0
2020-07-12,Pankow,0
2020-07-13,Pankow,4
2020-07-14,Pankow,1
2020-07-15,Pankow,1
2020-07-16,Pankow,0
2020-07-17,Pankow,2
2020-07-18,Pankow,0
2020-07-19,Pankow,0
2020-07-20,Pankow,2
2020-07-21,Pankow,1
2020-07-22,Pankow,3
2020-07-23,Pankow,4
2020-07-24,Pankow,10
2020-07-25,Pankow,0
2020-07-26,Pankow,0
2020-07-27,Pankow,7
2020-07-28,Pankow,1
2020-07-29,Pankow,7
2020-07-30,Pankow,1
2020-07-31,Pankow,5
2020-08-01,Pankow,0
2020-08-02,Pankow,0
2020-08-03,Pankow,4
2020-08-04,Pankow,6
2020-08-05,Pankow,2
2020-08-06,Pankow,8
2020-08-07,Pankow,4
2020-08-08,Pankow,0
2020-08-09,Pankow,0
2020-08-10,Pankow,5
2020-08-11,Pankow,8
2020-08-12,Pankow,10
2020-08-13,Pankow,3
2020-08-14,Pankow,3
2020-08-15,Pankow,0
2020-08-16,Pankow,0
2020-08-17,Pankow,10
2020-08-18,Pankow,7
2020-08-19,Pankow,3
2020-08-20,Pankow,6
2020-08-21,Pankow,5
2020-08-22,Pankow,0
2020-08-23,Pankow,0
2020-08-24,Pankow,10
2020-08-25,Pankow,8
2020-08-26,Pankow,13
2020-08-27,Pankow,9
2020-08-28,Pankow,5
2020-08-29,Pankow,1
2020-08-30,Pankow,0
2020-08-31,Pankow,28
2020-09-01,Pankow,10
2020-09-02,Pankow,5
2020-09-03,Pankow,4
2020-09-04,Pankow,11
2020-09-05,Pankow,0
2020-09-06,Pankow,0
2020-09-07,Pankow,16
2020-09-08,Pankow,6
2020-09-09,Pankow,10
2020-09-10,Pankow,7
2020-09-11,Pankow,6
2020-09-12,Pankow,0
2020-09-13,Pankow,0
2020-09-14,Pankow,0
2020-09-15,Pankow,20
2020-09-16,Pankow,12
2020-09-17,Pankow,10
2020-09-18,Pankow,11
2020-09-19,Pankow,0
2020-09-20,Pankow,0
2020-09-21,Pankow,25
2020-09-22,Pankow,18
2020-09-23,Pankow,25
2020-09-24,Pankow,15
2020-09-25,Pankow,11
2020-09-26,Pankow,0
2020-09-27,Pankow,0
2020-09-28,Pankow,14
2020-09-29,Pankow,12
2020-09-30,Pankow,20
2020-10-01,Pankow,28
2020-10-02,Pankow,20
2020-10-03,Pankow,0
2020-10-04,Pankow,0
2020-10-05,Pankow,24
2020-10-06,Pankow,18
2020-10-07,Pankow,35
2020-10-08,Pankow,27
2020-10-09,Pankow,37
2020-10-10,Pankow,0
2020-10-11,Pankow,0
2020-10-12,Pankow,39
2020-10-13,Pankow,54
2020-10-14,Pankow,36
2020-10-15,Pankow,52
2020-10-16,Pankow,41
2020-10-17,Pankow,5
2020-10-18,Pankow,0
2020-10-19,Pankow,44
2020-10-20,Pankow,54
2020-10-21,Pankow,68
2020-10-22,Pankow,52
2020-10-23,Pankow,71
2020-10-24,Pankow,0
2020-10-25,Pankow,0
2020-10-26,Pankow,145
2020-10-27,Pankow,119
2020-10-28,Pankow,90
2020-10-29,Pankow,102
2020-10-30,Pankow,9
2020-10-31,Pankow,0
2020-11-01,Pankow,0
2020-11-02,Pankow,198
2020-11-03,Pankow,128
2020-11-04,Pankow,76
2020-11-05,Pankow,130
2020-11-06,Pankow,121
2020-11-07,Pankow,0
2020-11-08,Pankow,0
2020-11-09,Pankow,215
2020-11-10,Pankow,107
2020-11-11,Pankow,101
2020-11-12,Pankow,92
2020-11-13,Pankow,120
2020-11-14,Pankow,0
2020-11-15,Pankow,0
2020-11-16,Pankow,183
2020-11-17,Pankow,117
2020-11-18,Pankow,125
2020-11-19,Pankow,73
2020-11-20,Pankow,111
2020-11-21,Pankow,0
2020-11-22,Pankow,0
2020-11-23,Pankow,182
2020-11-24,Pankow,130
2020-11-25,Pankow,126
2020-11-26,Pankow,105
2020-11-27,Pankow,148
2020-11-28,Pankow,0
2020-11-29,Pankow,0
2020-03-03,Reinickendorf,0
2020-03-04,Reinickendorf,0
2020-03-05,Reinickendorf,2
2020-03-06,Reinickendorf,0
2020-03-07,Reinickendorf,0
2020-03-08,Reinickendorf,0
2020-03-09,Reinickendorf,1
2020-03-10,Reinickendorf,0
2020-03-11,Reinickendorf,2
2020-03-12,Reinickendorf,4
2020-03-13,Reinickendorf,2
2020-03-14,Reinickendorf,1
2020-03-15,Reinickendorf,0
2020-03-16,Reinickendorf,7
2020-03-17,Reinickendorf,3
2020-03-18,Reinickendorf,10
2020-03-19,Reinickendorf,11
2020-03-20,Reinickendorf,23
2020-03-21,Reinickendorf,0
2020-03-22,Reinickendorf,0
2020-03-23,Reinickendorf,30
2020-03-24,Reinickendorf,10
2020-03-25,Reinickendorf,14
2020-03-26,Reinickendorf,13
2020-03-27,Reinickendorf,8
2020-03-28,Reinickendorf,3
2020-03-29,Reinickendorf,14
2020-03-30,Reinickendorf,16
2020-03-31,Reinickendorf,17
2020-04-01,Reinickendorf,7
2020-04-02,Reinickendorf,17
2020-04-03,Reinickendorf,20
2020-04-04,Reinickendorf,7
2020-04-05,Reinickendorf,25
2020-04-06,Reinickendorf,12
2020-04-07,Reinickendorf,13
2020-04-08,Reinickendorf,30
2020-04-09,Reinickendorf,13
2020-04-10,Reinickendorf,4
2020-04-11,Reinickendorf,5
2020-04-12,Reinickendorf,11
2020-04-13,Reinickendorf,10
2020-04-14,Reinickendorf,9
2020-04-15,Reinickendorf,19
2020-04-16,Reinickendorf,3
2020-04-17,Reinickendorf,6
2020-04-18,Reinickendorf,6
2020-04-19,Reinickendorf,2
2020-04-20,Reinickendorf,2
2020-04-21,Reinickendorf,5
2020-04-22,Reinickendorf,4
2020-04-23,Reinickendorf,5
2020-04-24,Reinickendorf,4
2020-04-25,Reinickendorf,5
2020-04-26,Reinickendorf,0
2020-04-27,Reinickendorf,1
2020-04-28,Reinickendorf,5
2020-04-29,Reinickendorf,7
2020-04-30,Reinickendorf,1
2020-05-01,Reinickendorf,4
2020-05-02,Reinickendorf,1
2020-05-03,Reinickendorf,1
2020-05-04,Reinickendorf,5
2020-05-05,Reinickendorf,3
2020-05-06,Reinickendorf,5
2020-05-07,Reinickendorf,2
2020-05-08,Reinickendorf,0
2020-05-09,Reinickendorf,0
2020-05-10,Reinickendorf,2
2020-05-11,Reinickendorf,0
2020-05-12,Reinickendorf,3
2020-05-13,Reinickendorf,3
2020-05-14,Reinickendorf,2
2020-05-15,Reinickendorf,1
2020-05-16,Reinickendorf,0
2020-05-17,Reinickendorf,0
2020-05-18,Reinickendorf,3
2020-05-19,Reinickendorf,1
2020-05-20,Reinickendorf,3
2020-05-21,Reinickendorf,1
2020-05-22,Reinickendorf,1
2020-05-23,Reinickendorf,1
2020-05-24,Reinickendorf,0
2020-05-25,Reinickendorf,0
2020-05-26,Reinickendorf,3
2020-05-27,Reinickendorf,5
2020-05-28,Reinickendorf,1
2020-05-29,Reinickendorf,5
2020-05-30,Reinickendorf,8
2020-05-31,Reinickendorf,0
2020-06-01,Reinickendorf,1
2020-06-02,Reinickendorf,2
2020-06-03,Reinickendorf,0
2020-06-04,Reinickendorf,2
2020-06-05,Reinickendorf,4
2020-06-06,Reinickendorf,0
2020-06-07,Reinickendorf,0
2020-06-08,Reinickendorf,2
2020-06-09,Reinickendorf,7
2020-06-10,Reinickendorf,5
2020-06-11,Reinickendorf,8
2020-06-12,Reinickendorf,8
2020-06-13,Reinickendorf,5
2020-06-14,Reinickendorf,2
2020-06-15,Reinickendorf,0
2020-06-16,Reinickendorf,8
2020-06-17,Reinickendorf,6
2020-06-18,Reinickendorf,15
2020-06-19,Reinickendorf,13
2020-06-20,Reinickendorf,6
2020-06-21,Reinickendorf,0
2020-06-22,Reinickendorf,6
2020-06-23,Reinickendorf,11
2020-06-24,Reinickendorf,7
2020-06-25,Reinickendorf,5
2020-06-26,Reinickendorf,2
2020-06-27,Reinickendorf,1
2020-06-28,Reinickendorf,0
2020-06-29,Reinickendorf,3
2020-06-30,Reinickendorf,9
2020-07-01,Reinickendorf,3
2020-07-02,Reinickendorf,5
2020-07-03,Reinickendorf,3
2020-07-04,Reinickendorf,0
2020-07-05,Reinickendorf,1
2020-07-06,Reinickendorf,0
2020-07-07,Reinickendorf,2
2020-07-08,Reinickendorf,2
2020-07-09,Reinickendorf,3
2020-07-10,Reinickendorf,2
2020-07-11,Reinickendorf,2
2020-07-12,Reinickendorf,0
2020-07-13,Reinickendorf,1
2020-07-14,Reinickendorf,2
2020-07-15,Reinickendorf,1
2020-07-16,Reinickendorf,0
2020-07-17,Reinickendorf,1
2020-07-18,Reinickendorf,3
2020-07-19,Reinickendorf,0
2020-07-20,Reinickendorf,4
2020-07-21,Reinickendorf,5
2020-07-22,Reinickendorf,2
2020-07-23,Reinickendorf,6
2020-07-24,Reinickendorf,4
2020-07-25,Reinickendorf,4
2020-07-26,Reinickendorf,0
2020-07-27,Reinickendorf,1
2020-07-28,Reinickendorf,7
2020-07-29,Reinickendorf,10
2020-07-30,Reinickendorf,7
2020-07-31,Reinickendorf,3
2020-08-01,Reinickendorf,1
2020-08-02,Reinickendorf,0
2020-08-03,Reinickendorf,2
2020-08-04,Reinickendorf,8
2020-08-05,Reinickendorf,2
2020-08-06,Reinickendorf,1
2020-08-07,Reinickendorf,7
2020-08-08,Reinickendorf,4
2020-08-09,Reinickendorf,0
2020-08-10,Reinickendorf,7
2020-08-11,Reinickendorf,7
2020-08-12,Reinickendorf,13
2020-08-13,Reinickendorf,9
2020-08-14,Reinickendorf,13
2020-08-15,Reinickendorf,3
2020-08-16,Reinickendorf,0
2020-08-17,Reinickendorf,4
2020-08-18,Reinickendorf,6
2020-08-19,Reinickendorf,4
2020-08-20,Reinickendorf,5
2020-08-21,Reinickendorf,10
2020-08-22,Reinickendorf,6
2020-08-23,Reinickendorf,0
2020-08-24,Reinickendorf,2
2020-08-25,Reinickendorf,3
2020-08-26,Reinickendorf,1
2020-08-27,Reinickendorf,2
2020-08-28,Reinickendorf,7
2020-08-29,Reinickendorf,3
2020-08-30,Reinickendorf,0
2020-08-31,Reinickendorf,1
2020-09-01,Reinickendorf,3
2020-09-02,Reinickendorf,5
2020-09-03,Reinickendorf,9
2020-09-04,Reinickendorf,6
2020-09-05,Reinickendorf,6
2020-09-06,Reinickendorf,1
2020-09-07,Reinickendorf,2
2020-09-08,Reinickendorf,3
2020-09-09,Reinickendorf,9
2020-09-10,Reinickendorf,2
2020-09-11,Reinickendorf,5
2020-09-12,Reinickendorf,4
2020-09-13,Reinickendorf,0
2020-09-14,Reinickendorf,2
2020-09-15,Reinickendorf,8
2020-09-16,Reinickendorf,8
2020-09-17,Reinickendorf,7
2020-09-18,Reinickendorf,7
2020-09-19,Reinickendorf,6
2020-09-20,Reinickendorf,0
2020-09-21,Reinickendorf,0
2020-09-22,Reinickendorf,12
2020-09-23,Reinickendorf,13
2020-09-24,Reinickendorf,12
2020-09-25,Reinickendorf,13
2020-09-26,Reinickendorf,7
2020-09-27,Reinickendorf,12
2020-09-28,Reinickendorf,9
2020-09-29,Reinickendorf,17
2020-09-30,Reinickendorf,15
2020-10-01,Reinickendorf,15
2020-10-02,Reinickendorf,27
2020-10-03,Reinickendorf,9
2020-10-04,Reinickendorf,2
2020-10-05,Reinickendorf,15
2020-10-06,Reinickendorf,14
2020-10-07,Reinickendorf,31
2020-10-08,Reinickendorf,54
2020-10-09,Reinickendorf,32
2020-10-10,Reinickendorf,32
2020-10-11,Reinickendorf,13
2020-10-12,Reinickendorf,28
2020-10-13,Reinickendorf,37
2020-10-14,Reinickendorf,50
2020-10-15,Reinickendorf,51
2020-10-16,Reinickendorf,47
2020-10-17,Reinickendorf,38
2020-10-18,Reinickendorf,14
2020-10-19,Reinickendorf,22
2020-10-20,Reinickendorf,50
2020-10-21,Reinickendorf,61
2020-10-22,Reinickendorf,73
2020-10-23,Reinickendorf,42
2020-10-24,Reinickendorf,77
2020-10-25,Reinickendorf,16
2020-10-26,Reinickendorf,35
2020-10-27,Reinickendorf,84
2020-10-28,Reinickendorf,134
2020-10-29,Reinickendorf,98
2020-10-30,Reinickendorf,83
2020-10-31,Reinickendorf,62
2020-11-01,Reinickendorf,44
2020-11-02,Reinickendorf,59
2020-11-03,Reinickendorf,98
2020-11-04,Reinickendorf,105
2020-11-05,Reinickendorf,86
2020-11-06,Reinickendorf,93
2020-11-07,Reinickendorf,48
2020-11-08,Reinickendorf,65
2020-11-09,Reinickendorf,115
2020-11-10,Reinickendorf,65
2020-11-11,Reinickendorf,182
2020-11-12,Reinickendorf,94
2020-11-13,Reinickendorf,143
2020-11-14,Reinickendorf,74
2020-11-15,Reinickendorf,30
2020-11-16,Reinickendorf,68
2020-11-17,Reinickendorf,106
2020-11-18,Reinickendorf,102
2020-11-19,Reinickendorf,111
2020-11-20,Reinickendorf,106
2020-11-21,Reinickendorf,73
2020-11-22,Reinickendorf,28
2020-11-23,Reinickendorf,83
2020-11-24,Reinickendorf,122
2020-11-25,Reinickendorf,96
2020-11-26,Reinickendorf,99
2020-11-27,Reinickendorf,104
2020-11-28,Reinickendorf,101
2020-11-29,Reinickendorf,46
2020-03-03,Charlottenburg-Wilmersdorf,0
2020-03-04,Charlottenburg-Wilmersdorf,0
2020-03-05,Charlottenburg-Wilmersdorf,0
2020-03-06,Charlottenburg-Wilmersdorf,2
2020-03-07,Charlottenburg-Wilmersdorf,1
2020-03-08,Charlottenburg-Wilmersdorf,7
2020-03-09,Charlottenburg-Wilmersdorf,1
2020-03-10,Charlottenburg-Wilmersdorf,6
2020-03-11,Charlottenburg-Wilmersdorf,9
2020-03-12,Charlottenburg-Wilmersdorf,10
2020-03-13,Charlottenburg-Wilmersdorf,12
2020-03-14,Charlottenburg-Wilmersdorf,2
2020-03-15,Charlottenburg-Wilmersdorf,6
2020-03-16,Charlottenburg-Wilmersdorf,7
2020-03-17,Charlottenburg-Wilmersdorf,13
2020-03-18,Charlottenburg-Wilmersdorf,16
2020-03-19,Charlottenburg-Wilmersdorf,26
2020-03-20,Charlottenburg-Wilmersdorf,14
2020-03-21,Charlottenburg-Wilmersdorf,7
2020-03-22,Charlottenburg-Wilmersdorf,11
2020-03-23,Charlottenburg-Wilmersdorf,24
2020-03-24,Charlottenburg-Wilmersdorf,23
2020-03-25,Charlottenburg-Wilmersdorf,37
2020-03-26,Charlottenburg-Wilmersdorf,44
2020-03-27,Charlottenburg-Wilmersdorf,16
2020-03-28,Charlottenburg-Wilmersdorf,21
2020-03-29,Charlottenburg-Wilmersdorf,6
2020-03-30,Charlottenburg-Wilmersdorf,37
2020-03-31,Charlottenburg-Wilmersdorf,24
2020-04-01,Charlottenburg-Wilmersdorf,24
2020-04-02,Charlottenburg-Wilmersdorf,31
2020-04-03,Charlottenburg-Wilmersdorf,16
2020-04-04,Charlottenburg-Wilmersdorf,4
2020-04-05,Charlottenburg-Wilmersdorf,5
2020-04-06,Charlottenburg-Wilmersdorf,19
2020-04-07,Charlottenburg-Wilmersdorf,41
2020-04-08,Charlottenburg-Wilmersdorf,20
2020-04-09,Charlottenburg-Wilmersdorf,12
2020-04-10,Charlottenburg-Wilmersdorf,7
2020-04-11,Charlottenburg-Wilmersdorf,3
2020-04-12,Charlottenburg-Wilmersdorf,7
2020-04-13,Charlottenburg-Wilmersdorf,4
2020-04-14,Charlottenburg-Wilmersdorf,6
2020-04-15,Charlottenburg-Wilmersdorf,14
2020-04-16,Charlottenburg-Wilmersdorf,14
2020-04-17,Charlottenburg-Wilmersdorf,8
2020-04-18,Charlottenburg-Wilmersdorf,4
2020-04-19,Charlottenburg-Wilmersdorf,5
2020-04-20,Charlottenburg-Wilmersdorf,2
2020-04-21,Charlottenburg-Wilmersdorf,9
2020-04-22,Charlottenburg-Wilmersdorf,7
2020-04-23,Charlottenburg-Wilmersdorf,13
2020-04-24,Charlottenburg-Wilmersdorf,5
2020-04-25,Charlottenburg-Wilmersdorf,4
2020-04-26,Charlottenburg-Wilmersdorf,3
2020-04-27,Charlottenburg-Wilmersdorf,4
2020-04-28,Charlottenburg-Wilmersdorf,4
2020-04-29,Charlottenburg-Wilmersdorf,4
2020-04-30,Charlottenburg-Wilmersdorf,1
2020-05-01,Charlottenburg-Wilmersdorf,3
2020-05-02,Charlottenburg-Wilmersdorf,2
2020-05-03,Charlottenburg-Wilmersdorf,3
2020-05-04,Charlottenburg-Wilmersdorf,3
2020-05-05,Charlottenburg-Wilmersdorf,4
2020-05-06,Charlottenburg-Wilmersdorf,4
2020-05-07,Charlottenburg-Wilmersdorf,4
2020-05-08,Charlottenburg-Wilmersdorf,0
2020-05-09,Charlottenburg-Wilmersdorf,5
2020-05-10,Charlottenburg-Wilmersdorf,0
2020-05-11,Charlottenburg-Wilmersdorf,2
2020-05-12,Charlottenburg-Wilmersdorf,3
2020-05-13,Charlottenburg-Wilmersdorf,7
2020-05-14,Charlottenburg-Wilmersdorf,3
2020-05-15,Charlottenburg-Wilmersdorf,1
2020-05-16,Charlottenburg-Wilmersdorf,2
2020-05-17,Charlottenburg-Wilmersdorf,0
2020-05-18,Charlottenburg-Wilmersdorf,0
2020-05-19,Charlottenburg-Wilmersdorf,1
2020-05-20,Charlottenburg-Wilmersdorf,5
2020-05-21,Charlottenburg-Wilmersdorf,3
2020-05-22,Charlottenburg-Wilmersdorf,2
2020-05-23,Charlottenburg-Wilmersdorf,1
2020-05-24,Charlottenburg-Wilmersdorf,1
2020-05-25,Charlottenburg-Wilmersdorf,1
2020-05-26,Charlottenburg-Wilmersdorf,0
2020-05-27,Charlottenburg-Wilmersdorf,1
2020-05-28,Charlottenburg-Wilmersdorf,4
2020-05-29,Charlottenburg-Wilmersdorf,1
2020-05-30,Charlottenburg-Wilmersdorf,2
2020-05-31,Charlottenburg-Wilmersdorf,1
2020-06-01,Charlottenburg-Wilmersdorf,0
2020-06-02,Charlottenburg-Wilmersdorf,0
2020-06-03,Charlottenburg-Wilmersdorf,1
2020-06-04,Charlottenburg-Wilmersdorf,4
2020-06-05,Charlottenburg-Wilmersdorf,2
2020-06-06,Charlottenburg-Wilmersdorf,0
2020-06-07,Charlottenburg-Wilmersdorf,0
2020-06-08,Charlottenburg-Wilmersdorf,2
2020-06-09,Charlottenburg-Wilmersdorf,2
2020-06-10,Charlottenburg-Wilmersdorf,2
2020-06-11,Charlottenburg-Wilmersdorf,7
2020-06-12,Charlottenburg-Wilmersdorf,3
2020-06-13,Charlottenburg-Wilmersdorf,3
2020-06-14,Charlottenburg-Wilmersdorf,0
2020-06-15,Charlottenburg-Wilmersdorf,0
2020-06-16,Charlottenburg-Wilmersdorf,7
2020-06-17,Charlottenburg-Wilmersdorf,4
2020-06-18,Charlottenburg-Wilmersdorf,10
2020-06-19,Charlottenburg-Wilmersdorf,13
2020-06-20,Charlottenburg-Wilmersdorf,5
2020-06-21,Charlottenburg-Wilmersdorf,0
2020-06-22,Charlottenburg-Wilmersdorf,6
2020-06-23,Charlottenburg-Wilmersdorf,3
2020-06-24,Charlottenburg-Wilmersdorf,4
2020-06-25,Charlottenburg-Wilmersdorf,5
2020-06-26,Charlottenburg-Wilmersdorf,3
2020-06-27,Charlottenburg-Wilmersdorf,0
2020-06-28,Charlottenburg-Wilmersdorf,0
2020-06-29,Charlottenburg-Wilmersdorf,3
2020-06-30,Charlottenburg-Wilmersdorf,4
2020-07-01,Charlottenburg-Wilmersdorf,3
2020-07-02,Charlottenburg-Wilmersdorf,3
2020-07-03,Charlottenburg-Wilmersdorf,2
2020-07-04,Charlottenburg-Wilmersdorf,2
2020-07-05,Charlottenburg-Wilmersdorf,0
2020-07-06,Charlottenburg-Wilmersdorf,2
2020-07-07,Charlottenburg-Wilmersdorf,3
2020-07-08,Charlottenburg-Wilmersdorf,0
2020-07-09,Charlottenburg-Wilmersdorf,2
2020-07-10,Charlottenburg-Wilmersdorf,2
2020-07-11,Charlottenburg-Wilmersdorf,0
2020-07-12,Charlottenburg-Wilmersdorf,0
2020-07-13,Charlottenburg-Wilmersdorf,1
2020-07-14,Charlottenburg-Wilmersdorf,2
2020-07-15,Charlottenburg-Wilmersdorf,2
2020-07-16,Charlottenburg-Wilmersdorf,4
2020-07-17,Charlottenburg-Wilmersdorf,0
2020-07-18,Charlottenburg-Wilmersdorf,9
2020-07-19,Charlottenburg-Wilmersdorf,0
2020-07-20,Charlottenburg-Wilmersdorf,2
2020-07-21,Charlottenburg-Wilmersdorf,1
2020-07-22,Charlottenburg-Wilmersdorf,5
2020-07-23,Charlottenburg-Wilmersdorf,2
2020-07-24,Charlottenburg-Wilmersdorf,7
2020-07-25,Charlottenburg-Wilmersdorf,0
2020-07-26,Charlottenburg-Wilmersdorf,0
2020-07-27,Charlottenburg-Wilmersdorf,3
2020-07-28,Charlottenburg-Wilmersdorf,6
2020-07-29,Charlottenburg-Wilmersdorf,6
2020-07-30,Charlottenburg-Wilmersdorf,3
2020-07-31,Charlottenburg-Wilmersdorf,6
2020-08-01,Charlottenburg-Wilmersdorf,0
2020-08-02,Charlottenburg-Wilmersdorf,0
2020-08-03,Charlottenburg-Wilmersdorf,11
2020-08-04,Charlottenburg-Wilmersdorf,8
2020-08-05,Charlottenburg-Wilmersdorf,16
2020-08-06,Charlottenburg-Wilmersdorf,6
2020-08-07,Charlottenburg-Wilmersdorf,3
2020-08-08,Charlottenburg-Wilmersdorf,0
2020-08-09,Charlottenburg-Wilmersdorf,0
2020-08-10,Charlottenburg-Wilmersdorf,9
2020-08-11,Charlottenburg-Wilmersdorf,10
2020-08-12,Charlottenburg-Wilmersdorf,7
2020-08-13,Charlottenburg-Wilmersdorf,7
2020-08-14,Charlottenburg-Wilmersdorf,6
2020-08-15,Charlottenburg-Wilmersdorf,3
2020-08-16,Charlottenburg-Wilmersdorf,1
2020-08-17,Charlottenburg-Wilmersdorf,17
2020-08-18,Charlottenburg-Wilmersdorf,1
2020-08-19,Charlottenburg-Wilmersdorf,10
2020-08-20,Charlottenburg-Wilmersdorf,10
2020-08-21,Charlottenburg-Wilmersdorf,6
2020-08-22,Charlottenburg-Wilmersdorf,4
2020-08-23,Charlottenburg-Wilmersdorf,0
2020-08-24,Charlottenburg-Wilmersdorf,5
2020-08-25,Charlottenburg-Wilmersdorf,11
2020-08-26,Charlottenburg-Wilmersdorf,4
2020-08-27,Charlottenburg-Wilmersdorf,7
2020-08-28,Charlottenburg-Wilmersdorf,4
2020-08-29,Charlottenburg-Wilmersdorf,10
2020-08-30,Charlottenburg-Wilmersdorf,0
2020-08-31,Charlottenburg-Wilmersdorf,10
2020-09-01,Charlottenburg-Wilmersdorf,10
2020-09-02,Charlottenburg-Wilmersdorf,12
2020-09-03,Charlottenburg-Wilmersdorf,6
2020-09-04,Charlottenburg-Wilmersdorf,7
2020-09-05,Charlottenburg-Wilmersdorf,3
2020-09-06,Charlottenburg-Wilmersdorf,0
2020-09-07,Charlottenburg-Wilmersdorf,13
2020-09-08,Charlottenburg-Wilmersdorf,3
2020-09-09,Charlottenburg-Wilmersdorf,9
2020-09-10,Charlottenburg-Wilmersdorf,8
2020-09-11,Charlottenburg-Wilmersdorf,8
2020-09-12,Charlottenburg-Wilmersdorf,2
2020-09-13,Charlottenburg-Wilmersdorf,0
2020-09-14,Charlottenburg-Wilmersdorf,7
2020-09-15,Charlottenburg-Wilmersdorf,10
2020-09-16,Charlottenburg-Wilmersdorf,14
2020-09-17,Charlottenburg-Wilmersdorf,16
2020-09-18,Charlottenburg-Wilmersdorf,23
2020-09-19,Charlottenburg-Wilmersdorf,14
2020-09-20,Charlottenburg-Wilmersdorf,0
2020-09-21,Charlottenburg-Wilmersdorf,23
2020-09-22,Charlottenburg-Wilmersdorf,24
2020-09-23,Charlottenburg-Wilmersdorf,15
2020-09-24,Charlottenburg-Wilmersdorf,19
2020-09-25,Charlottenburg-Wilmersdorf,27
2020-09-26,Charlottenburg-Wilmersdorf,8
2020-09-27,Charlottenburg-Wilmersdorf,0
2020-09-28,Charlottenburg-Wilmersdorf,25
2020-09-29,Charlottenburg-Wilmersdorf,17
2020-09-30,Charlottenburg-Wilmersdorf,37
2020-10-01,Charlottenburg-Wilmersdorf,39
2020-10-02,Charlottenburg-Wilmersdorf,16
2020-10-03,Charlottenburg-Wilmersdorf,16
2020-10-04,Charlottenburg-Wilmersdorf,0
2020-10-05,Charlottenburg-Wilmersdorf,31
2020-10-06,Charlottenburg-Wilmersdorf,29
2020-10-07,Charlottenburg-Wilmersdorf,36
2020-10-08,Charlottenburg-Wilmersdorf,35
2020-10-09,Charlottenburg-Wilmersdorf,41
2020-10-10,Charlottenburg-Wilmersdorf,27
2020-10-11,Charlottenburg-Wilmersdorf,0
2020-10-12,Charlottenburg-Wilmersdorf,38
2020-10-13,Charlottenburg-Wilmersdorf,47
2020-10-14,Charlottenburg-Wilmersdorf,59
2020-10-15,Charlottenburg-Wilmersdorf,62
2020-10-16,Charlottenburg-Wilmersdorf,71
2020-10-17,Charlottenburg-Wilmersdorf,19
2020-10-18,Charlottenburg-Wilmersdorf,0
2020-10-19,Charlottenburg-Wilmersdorf,79
2020-10-20,Charlottenburg-Wilmersdorf,66
2020-10-21,Charlottenburg-Wilmersdorf,52
2020-10-22,Charlottenburg-Wilmersdorf,74
2020-10-23,Charlottenburg-Wilmersdorf,80
2020-10-24,Charlottenburg-Wilmersdorf,30
2020-10-25,Charlottenburg-Wilmersdorf,26
2020-10-26,Charlottenburg-Wilmersdorf,117
2020-10-27,Charlottenburg-Wilmersdorf,82
2020-10-28,Charlottenburg-Wilmersdorf,73
2020-10-29,Charlottenburg-Wilmersdorf,103
2020-10-30,Charlottenburg-Wilmersdorf,51
2020-10-31,Charlottenburg-Wilmersdorf,91
2020-11-01,Charlottenburg-Wilmersdorf,32
2020-11-02,Charlottenburg-Wilmersdorf,86
2020-11-03,Charlottenburg-Wilmersdorf,134
2020-11-04,Charlottenburg-Wilmersdorf,104
2020-11-05,Charlottenburg-Wilmersdorf,118
2020-11-06,Charlottenburg-Wilmersdorf,117
2020-11-07,Charlottenburg-Wilmersdorf,51
2020-11-08,Charlottenburg-Wilmersdorf,37
2020-11-09,Charlottenburg-Wilmersdorf,168
2020-11-10,Charlottenburg-Wilmersdorf,125
2020-11-11,Charlottenburg-Wilmersdorf,139
2020-11-12,Charlottenburg-Wilmersdorf,126
2020-11-13,Charlottenburg-Wilmersdorf,90
2020-11-14,Charlottenburg-Wilmersdorf,36
2020-11-15,Charlottenburg-Wilmersdorf,50
2020-11-16,Charlottenburg-Wilmersdorf,136
2020-11-17,Charlottenburg-Wilmersdorf,142
2020-11-18,Charlottenburg-Wilmersdorf,119
2020-11-19,Charlottenburg-Wilmersdorf,109
2020-11-20,Charlottenburg-Wilmersdorf,103
2020-11-21,Charlottenburg-Wilmersdorf,64
2020-11-22,Charlottenburg-Wilmersdorf,54
2020-11-23,Charlottenburg-Wilmersdorf,64
2020-11-24,Charlottenburg-Wilmersdorf,100
2020-11-25,Charlottenburg-Wilmersdorf,122
2020-11-26,Charlottenburg-Wilmersdorf,130
2020-11-27,Charlottenburg-Wilmersdorf,78
2020-11-28,Charlottenburg-Wilmersdorf,42
2020-11-29,Charlottenburg-Wilmersdorf,49
2020-03-03,Spandau,0
2020-03-04,Spandau,0
2020-03-05,Spandau,0
2020-03-06,Spandau,0
2020-03-07,Spandau,0
2020-03-08,Spandau,2
2020-03-09,Spandau,3
2020-03-10,Spandau,2
2020-03-11,Spandau,1
2020-03-12,Spandau,0
2020-03-13,Spandau,1
2020-03-14,Spandau,1
2020-03-15,Spandau,2
2020-03-16,Spandau,0
2020-03-17,Spandau,0
2020-03-18,Spandau,3
2020-03-19,Spandau,5
2020-03-20,Spandau,8
2020-03-21,Spandau,7
2020-03-22,Spandau,0
2020-03-23,Spandau,9
2020-03-24,Spandau,6
2020-03-25,Spandau,9
2020-03-26,Spandau,10
2020-03-27,Spandau,6
2020-03-28,Spandau,14
2020-03-29,Spandau,5
2020-03-30,Spandau,3
2020-03-31,Spandau,3
2020-04-01,Spandau,9
2020-04-02,Spandau,10
2020-04-03,Spandau,22
2020-04-04,Spandau,9
2020-04-05,Spandau,2
2020-04-06,Spandau,4
2020-04-07,Spandau,14
2020-04-08,Spandau,9
2020-04-09,Spandau,3
2020-04-10,Spandau,1
2020-04-11,Spandau,3
2020-04-12,Spandau,0
2020-04-13,Spandau,0
2020-04-14,Spandau,4
2020-04-15,Spandau,5
2020-04-16,Spandau,8
2020-04-17,Spandau,9
2020-04-18,Spandau,7
2020-04-19,Spandau,1
2020-04-20,Spandau,3
2020-04-21,Spandau,1
2020-04-22,Spandau,4
2020-04-23,Spandau,1
2020-04-24,Spandau,1
2020-04-25,Spandau,1
2020-04-26,Spandau,0
2020-04-27,Spandau,3
2020-04-28,Spandau,4
2020-04-29,Spandau,2
2020-04-30,Spandau,3
2020-05-01,Spandau,0
2020-05-02,Spandau,0
2020-05-03,Spandau,4
2020-05-04,Spandau,0
2020-05-05,Spandau,3
2020-05-06,Spandau,5
2020-05-07,Spandau,5
2020-05-08,Spandau,1
2020-05-09,Spandau,0
2020-05-10,Spandau,1
2020-05-11,Spandau,0
2020-05-12,Spandau,2
2020-05-13,Spandau,5
2020-05-14,Spandau,19
2020-05-15,Spandau,2
2020-05-16,Spandau,2
2020-05-17,Spandau,0
2020-05-18,Spandau,3
2020-05-19,Spandau,1
2020-05-20,Spandau,2
2020-05-21,Spandau,3
2020-05-22,Spandau,1
2020-05-23,Spandau,0
2020-05-24,Spandau,1
2020-05-25,Spandau,0
2020-05-26,Spandau,2
2020-05-27,Spandau,2
2020-05-28,Spandau,1
2020-05-29,Spandau,0
2020-05-30,Spandau,1
2020-05-31,Spandau,6
2020-06-01,Spandau,0
2020-06-02,Spandau,5
2020-06-03,Spandau,12
2020-06-04,Spandau,0
2020-06-05,Spandau,6
2020-06-06,Spandau,5
2020-06-07,Spandau,1
2020-06-08,Spandau,0
2020-06-09,Spandau,2
2020-06-10,Spandau,16
2020-06-11,Spandau,3
2020-06-12,Spandau,6
2020-06-13,Spandau,5
2020-06-14,Spandau,1
2020-06-15,Spandau,0
2020-06-16,Spandau,7
2020-06-17,Spandau,1
2020-06-18,Spandau,11
2020-06-19,Spandau,20
2020-06-20,Spandau,2
2020-06-21,Spandau,0
2020-06-22,Spandau,9
2020-06-23,Spandau,0
2020-06-24,Spandau,7
2020-06-25,Spandau,6
2020-06-26,Spandau,2
2020-06-27,Spandau,5
2020-06-28,Spandau,0
2020-06-29,Spandau,1
2020-06-30,Spandau,1
2020-07-01,Spandau,2
2020-07-02,Spandau,3
2020-07-03,Spandau,1
2020-07-04,Spandau,1
2020-07-05,Spandau,0
2020-07-06,Spandau,3
2020-07-07,Spandau,1
2020-07-08,Spandau,2
2020-07-09,Spandau,3
2020-07-10,Spandau,2
2020-07-11,Spandau,0
2020-07-12,Spandau,0
2020-07-13,Spandau,0
2020-07-14,Spandau,0
2020-07-15,Spandau,0
2020-07-16,Spandau,0
2020-07-17,Spandau,1
2020-07-18,Spandau,2
2020-07-19,Spandau,0
2020-07-20,Spandau,1
2020-07-21,Spandau,4
2020-07-22,Spandau,3
2020-07-23,Spandau,5
2020-07-24,Spandau,2
2020-07-25,Spandau,3
2020-07-26,Spandau,0
2020-07-27,Spandau,11
2020-07-28,Spandau,11
2020-07-29,Spandau,5
2020-07-30,Spandau,10
2020-07-31,Spandau,4
2020-08-01,Spandau,2
2020-08-02,Spandau,0
2020-08-03,Spandau,5
2020-08-04,Spandau,2
2020-08-05,Spandau,1
2020-08-06,Spandau,4
2020-08-07,Spandau,2
2020-08-08,Spandau,3
2020-08-09,Spandau,1
2020-08-10,Spandau,8
2020-08-11,Spandau,6
2020-08-12,Spandau,8
2020-08-13,Spandau,5
2020-08-14,Spandau,0
2020-08-15,Spandau,2
2020-08-16,Spandau,0
2020-08-17,Spandau,1
2020-08-18,Spandau,2
2020-08-19,Spandau,4
2020-08-20,Spandau,3
2020-08-21,Spandau,5
2020-08-22,Spandau,5
2020-08-23,Spandau,1
2020-08-24,Spandau,8
2020-08-25,Spandau,3
2020-08-26,Spandau,11
2020-08-27,Spandau,1
2020-08-28,Spandau,8
2020-08-29,Spandau,0
2020-08-30,Spandau,0
2020-08-31,Spandau,6
2020-09-01,Spandau,4
2020-09-02,Spandau,10
2020-09-03,Spandau,2
2020-09-04,Spandau,8
2020-09-05,Spandau,3
2020-09-06,Spandau,0
2020-09-07,Spandau,3
2020-09-08,Spandau,4
2020-09-09,Spandau,5
2020-09-10,Spandau,5
2020-09-11,Spandau,9
2020-09-12,Spandau,3
2020-09-13,Spandau,0
2020-09-14,Spandau,3
2020-09-15,Spandau,2
2020-09-16,Spandau,9
2020-09-17,Spandau,12
2020-09-18,Spandau,6
2020-09-19,Spandau,7
2020-09-20,Spandau,0
2020-09-21,Spandau,13
2020-09-22,Spandau,5
2020-09-23,Spandau,8
2020-09-24,Spandau,8
2020-09-25,Spandau,18
2020-09-26,Spandau,3
2020-09-27,Spandau,0
2020-09-28,Spandau,7
2020-09-29,Spandau,14
2020-09-30,Spandau,12
2020-10-01,Spandau,18
2020-10-02,Spandau,19
2020-10-03,Spandau,4
2020-10-04,Spandau,10
2020-10-05,Spandau,9
2020-10-06,Spandau,10
2020-10-07,Spandau,23
2020-10-08,Spandau,22
2020-10-09,Spandau,40
2020-10-10,Spandau,16
2020-10-11,Spandau,30
2020-10-12,Spandau,37
2020-10-13,Spandau,11
2020-10-14,Spandau,20
2020-10-15,Spandau,46
2020-10-16,Spandau,28
2020-10-17,Spandau,31
2020-10-18,Spandau,26
2020-10-19,Spandau,21
2020-10-20,Spandau,25
2020-10-21,Spandau,0
2020-10-22,Spandau,69
2020-10-23,Spandau,51
2020-10-24,Spandau,52
2020-10-25,Spandau,48
2020-10-26,Spandau,41
2020-10-27,Spandau,62
2020-10-28,Spandau,64
2020-10-29,Spandau,77
2020-10-30,Spandau,103
2020-10-31,Spandau,48
2020-11-01,Spandau,37
2020-11-02,Spandau,74
2020-11-03,Spandau,87
2020-11-04,Spandau,70
2020-11-05,Spandau,100
2020-11-06,Spandau,120
2020-11-07,Spandau,44
2020-11-08,Spandau,60
2020-11-09,Spandau,6
2020-11-10,Spandau,82
2020-11-11,Spandau,92
2020-11-12,Spandau,121
2020-11-13,Spandau,90
2020-11-14,Spandau,76
2020-11-15,Spandau,77
2020-11-16,Spandau,73
2020-11-17,Spandau,94
2020-11-18,Spandau,116
2020-11-19,Spandau,96
2020-11-20,Spandau,122
2020-11-21,Spandau,49
2020-11-22,Spandau,66
2020-11-23,Spandau,115
2020-11-24,Spandau,158
2020-11-25,Spandau,142
2020-11-26,Spandau,111
2020-11-27,Spandau,118
2020-11-28,Spandau,98
2020-11-29,Spandau,0
2020-03-03,Lichtenberg,0
2020-03-04,Lichtenberg,0
2020-03-05,Lichtenberg,0
2020-03-06,Lichtenberg,0
2020-03-07,Lichtenberg,0
2020-03-08,Lichtenberg,0
2020-03-09,Lichtenberg,3
2020-03-10,Lichtenberg,2
2020-03-11,Lichtenberg,1
2020-03-12,Lichtenberg,0
2020-03-13,Lichtenberg,1
2020-03-14,Lichtenberg,0
2020-03-15,Lichtenberg,0
2020-03-16,Lichtenberg,6
2020-03-17,Lichtenberg,6
2020-03-18,Lichtenberg,7
2020-03-19,Lichtenberg,7
2020-03-20,Lichtenberg,10
2020-03-21,Lichtenberg,0
2020-03-22,Lichtenberg,0
2020-03-23,Lichtenberg,10
2020-03-24,Lichtenberg,14
2020-03-25,Lichtenberg,5
2020-03-26,Lichtenberg,11
2020-03-27,Lichtenberg,6
2020-03-28,Lichtenberg,0
2020-03-29,Lichtenberg,0
2020-03-30,Lichtenberg,19
2020-03-31,Lichtenberg,11
2020-04-01,Lichtenberg,4
2020-04-02,Lichtenberg,11
2020-04-03,Lichtenberg,8
2020-04-04,Lichtenberg,0
2020-04-05,Lichtenberg,11
2020-04-06,Lichtenberg,0
2020-04-07,Lichtenberg,3
2020-04-08,Lichtenberg,7
2020-04-09,Lichtenberg,8
2020-04-10,Lichtenberg,3
2020-04-11,Lichtenberg,2
2020-04-12,Lichtenberg,2
2020-04-13,Lichtenberg,0
2020-04-14,Lichtenberg,1
2020-04-15,Lichtenberg,4
2020-04-16,Lichtenberg,10
2020-04-17,Lichtenberg,2
2020-04-18,Lichtenberg,2
2020-04-19,Lichtenberg,0
2020-04-20,Lichtenberg,2
2020-04-21,Lichtenberg,4
2020-04-22,Lichtenberg,1
2020-04-23,Lichtenberg,1
2020-04-24,Lichtenberg,5
2020-04-25,Lichtenberg,19
2020-04-26,Lichtenberg,0
2020-04-27,Lichtenberg,3
2020-04-28,Lichtenberg,12
2020-04-29,Lichtenberg,4
2020-04-30,Lichtenberg,5
2020-05-01,Lichtenberg,0
2020-05-02,Lichtenberg,3
2020-05-03,Lichtenberg,1
2020-05-04,Lichtenberg,5
2020-05-05,Lichtenberg,5
2020-05-06,Lichtenberg,3
2020-05-07,Lichtenberg,1
2020-05-08,Lichtenberg,0
2020-05-09,Lichtenberg,2
2020-05-10,Lichtenberg,0
2020-05-11,Lichtenberg,0
2020-05-12,Lichtenberg,6
2020-05-13,Lichtenberg,1
2020-05-14,Lichtenberg,0
2020-05-15,Lichtenberg,1
2020-05-16,Lichtenberg,2
2020-05-17,Lichtenberg,0
2020-05-18,Lichtenberg,0
2020-05-19,Lichtenberg,1
2020-05-20,Lichtenberg,0
2020-05-21,Lichtenberg,1
2020-05-22,Lichtenberg,6
2020-05-23,Lichtenberg,1
2020-05-24,Lichtenberg,0
2020-05-25,Lichtenberg,1
2020-05-26,Lichtenberg,6
2020-05-27,Lichtenberg,7
2020-05-28,Lichtenberg,6
2020-05-29,Lichtenberg,3
2020-05-30,Lichtenberg,4
2020-05-31,Lichtenberg,9
2020-06-01,Lichtenberg,0
2020-06-02,Lichtenberg,1
2020-06-03,Lichtenberg,7
2020-06-04,Lichtenberg,7
2020-06-05,Lichtenberg,4
2020-06-06,Lichtenberg,0
2020-06-07,Lichtenberg,1
2020-06-08,Lichtenberg,0
2020-06-09,Lichtenberg,4
2020-06-10,Lichtenberg,4
2020-06-11,Lichtenberg,3
2020-06-12,Lichtenberg,1
2020-06-13,Lichtenberg,6
2020-06-14,Lichtenberg,2
2020-06-15,Lichtenberg,0
2020-06-16,Lichtenberg,4
2020-06-17,Lichtenberg,4
2020-06-18,Lichtenberg,7
2020-06-19,Lichtenberg,2
2020-06-20,Lichtenberg,0
2020-06-21,Lichtenberg,0
2020-06-22,Lichtenberg,6
2020-06-23,Lichtenberg,9
2020-06-24,Lichtenberg,3
2020-06-25,Lichtenberg,5
2020-06-26,Lichtenberg,0
2020-06-27,Lichtenberg,0
2020-06-28,Lichtenberg,0
2020-06-29,Lichtenberg,10
2020-06-30,Lichtenberg,1
2020-07-01,Lichtenberg,3
2020-07-02,Lichtenberg,7
2020-07-03,Lichtenberg,6
2020-07-04,Lichtenberg,0
2020-07-05,Lichtenberg,0
2020-07-06,Lichtenberg,5
2020-07-07,Lichtenberg,7
2020-07-08,Lichtenberg,16
2020-07-09,Lichtenberg,2
2020-07-10,Lichtenberg,2
2020-07-11,Lichtenberg,0
2020-07-12,Lichtenberg,0
2020-07-13,Lichtenberg,10
2020-07-14,Lichtenberg,11
2020-07-15,Lichtenberg,1
2020-07-16,Lichtenberg,3
2020-07-17,Lichtenberg,1
2020-07-18,Lichtenberg,0
2020-07-19,Lichtenberg,0
2020-07-20,Lichtenberg,1
2020-07-21,Lichtenberg,2
2020-07-22,Lichtenberg,2
2020-07-23,Lichtenberg,2
2020-07-24,Lichtenberg,8
2020-07-25,Lichtenberg,0
2020-07-26,Lichtenberg,0
2020-07-27,Lichtenberg,2
2020-07-28,Lichtenberg,6
2020-07-29,Lichtenberg,4
2020-07-30,Lichtenberg,0
2020-07-31,Lichtenberg,2
2020-08-01,Lichtenberg,1
2020-08-02,Lichtenberg,0
2020-08-03,Lichtenberg,4
2020-08-04,Lichtenberg,0
2020-08-05,Lichtenberg,6
2020-08-06,Lichtenberg,4
2020-08-07,Lichtenberg,8
2020-08-08,Lichtenberg,0
2020-08-09,Lichtenberg,0
2020-08-10,Lichtenberg,17
2020-08-11,Lichtenberg,4
2020-08-12,Lichtenberg,12
2020-08-13,Lichtenberg,2
2020-08-14,Lichtenberg,0
2020-08-15,Lichtenberg,1
2020-08-16,Lichtenberg,0
2020-08-17,Lichtenberg,10
2020-08-18,Lichtenberg,1
2020-08-19,Lichtenberg,4
2020-08-20,Lichtenberg,15
2020-08-21,Lichtenberg,1
2020-08-22,Lichtenberg,0
2020-08-23,Lichtenberg,0
2020-08-24,Lichtenberg,12
2020-08-25,Lichtenberg,3
2020-08-26,Lichtenberg,6
2020-08-27,Lichtenberg,8
2020-08-28,Lichtenberg,7
2020-08-29,Lichtenberg,0
2020-08-30,Lichtenberg,0
2020-08-31,Lichtenberg,6
2020-09-01,Lichtenberg,2
2020-09-02,Lichtenberg,3
2020-09-03,Lichtenberg,8
2020-09-04,Lichtenberg,8
2020-09-05,Lichtenberg,0
2020-09-06,Lichtenberg,0
2020-09-07,Lichtenberg,9
2020-09-08,Lichtenberg,1
2020-09-09,Lichtenberg,3
2020-09-10,Lichtenberg,12
2020-09-11,Lichtenberg,1
2020-09-12,Lichtenberg,0
2020-09-13,Lichtenberg,0
2020-09-14,Lichtenberg,7
2020-09-15,Lichtenberg,6
2020-09-16,Lichtenberg,4
2020-09-17,Lichtenberg,10
2020-09-18,Lichtenberg,8
2020-09-19,Lichtenberg,0
2020-09-20,Lichtenberg,5
2020-09-21,Lichtenberg,9
2020-09-22,Lichtenberg,4
2020-09-23,Lichtenberg,8
2020-09-24,Lichtenberg,2
2020-09-25,Lichtenberg,11
2020-09-26,Lichtenberg,0
2020-09-27,Lichtenberg,0
2020-09-28,Lichtenberg,11
2020-09-29,Lichtenberg,9
2020-09-30,Lichtenberg,8
2020-10-01,Lichtenberg,25
2020-10-02,Lichtenberg,17
2020-10-03,Lichtenberg,0
2020-10-04,Lichtenberg,0
2020-10-05,Lichtenberg,15
2020-10-06,Lichtenberg,13
2020-10-07,Lichtenberg,11
2020-10-08,Lichtenberg,13
2020-10-09,Lichtenberg,13
2020-10-10,Lichtenberg,7
2020-10-11,Lichtenberg,0
2020-10-12,Lichtenberg,13
2020-10-13,Lichtenberg,36
2020-10-14,Lichtenberg,27
2020-10-15,Lichtenberg,19
2020-10-16,Lichtenberg,31
2020-10-17,Lichtenberg,0
2020-10-18,Lichtenberg,0
2020-10-19,Lichtenberg,32
2020-10-20,Lichtenberg,31
2020-10-21,Lichtenberg,41
2020-10-22,Lichtenberg,32
2020-10-23,Lichtenberg,79
2020-10-24,Lichtenberg,12
2020-10-25,Lichtenberg,14
2020-10-26,Lichtenberg,43
2020-10-27,Lichtenberg,63
2020-10-28,Lichtenberg,59
2020-10-29,Lichtenberg,77
2020-10-30,Lichtenberg,94
2020-10-31,Lichtenberg,9
2020-11-01,Lichtenberg,0
2020-11-02,Lichtenberg,71
2020-11-03,Lichtenberg,78
2020-11-04,Lichtenberg,74
2020-11-05,Lichtenberg,42
2020-11-06,Lichtenberg,68
2020-11-07,Lichtenberg,59
2020-11-08,Lichtenberg,1
2020-11-09,Lichtenberg,83
2020-11-10,Lichtenberg,76
2020-11-11,Lichtenberg,77
2020-11-12,Lichtenberg,46
2020-11-13,Lichtenberg,141
2020-11-14,Lichtenberg,29
2020-11-15,Lichtenberg,2
2020-11-16,Lichtenberg,110
2020-11-17,Lichtenberg,74
2020-11-18,Lichtenberg,42
2020-11-19,Lichtenberg,38
2020-11-20,Lichtenberg,98
2020-11-21,Lichtenberg,23
2020-11-22,Lichtenberg,19
2020-11-23,Lichtenberg,92
2020-11-24,Lichtenberg,99
2020-11-25,Lichtenberg,80
2020-11-26,Lichtenberg,83
2020-11-27,Lichtenberg,126
2020-11-28,Lichtenberg,18
2020-11-29,Lichtenberg,21
2020-03-03,Steglitz-Zehlendorf,0
2020-03-04,Steglitz-Zehlendorf,0
2020-03-05,Steglitz-Zehlendorf,0
2020-03-06,Steglitz-Zehlendorf,0
2020-03-07,Steglitz-Zehlendorf,0
2020-03-08,Steglitz-Zehlendorf,0
2020-03-09,Steglitz-Zehlendorf,2
2020-03-10,Steglitz-Zehlendorf,4
2020-03-11,Steglitz-Zehlendorf,7
2020-03-12,Steglitz-Zehlendorf,6
2020-03-13,Steglitz-Zehlendorf,4
2020-03-14,Steglitz-Zehlendorf,6
2020-03-15,Steglitz-Zehlendorf,3
2020-03-16,Steglitz-Zehlendorf,6
2020-03-17,Steglitz-Zehlendorf,7
2020-03-18,Steglitz-Zehlendorf,10
2020-03-19,Steglitz-Zehlendorf,13
2020-03-20,Steglitz-Zehlendorf,12
2020-03-21,Steglitz-Zehlendorf,15
2020-03-22,Steglitz-Zehlendorf,3
2020-03-23,Steglitz-Zehlendorf,7
2020-03-24,Steglitz-Zehlendorf,9
2020-03-25,Steglitz-Zehlendorf,8
2020-03-26,Steglitz-Zehlendorf,19
2020-03-27,Steglitz-Zehlendorf,6
2020-03-28,Steglitz-Zehlendorf,40
2020-03-29,Steglitz-Zehlendorf,12
2020-03-30,Steglitz-Zehlendorf,9
2020-03-31,Steglitz-Zehlendorf,28
2020-04-01,Steglitz-Zehlendorf,24
2020-04-02,Steglitz-Zehlendorf,21
2020-04-03,Steglitz-Zehlendorf,19
2020-04-04,Steglitz-Zehlendorf,12
2020-04-05,Steglitz-Zehlendorf,4
2020-04-06,Steglitz-Zehlendorf,12
2020-04-07,Steglitz-Zehlendorf,17
2020-04-08,Steglitz-Zehlendorf,17
2020-04-09,Steglitz-Zehlendorf,13
2020-04-10,Steglitz-Zehlendorf,9
2020-04-11,Steglitz-Zehlendorf,15
2020-04-12,Steglitz-Zehlendorf,5
2020-04-13,Steglitz-Zehlendorf,9
2020-04-14,Steglitz-Zehlendorf,5
2020-04-15,Steglitz-Zehlendorf,5
2020-04-16,Steglitz-Zehlendorf,3
2020-04-17,Steglitz-Zehlendorf,13
2020-04-18,Steglitz-Zehlendorf,4
2020-04-19,Steglitz-Zehlendorf,4
2020-04-20,Steglitz-Zehlendorf,0
2020-04-21,Steglitz-Zehlendorf,3
2020-04-22,Steglitz-Zehlendorf,6
2020-04-23,Steglitz-Zehlendorf,5
2020-04-24,Steglitz-Zehlendorf,1
2020-04-25,Steglitz-Zehlendorf,2
2020-04-26,Steglitz-Zehlendorf,1
2020-04-27,Steglitz-Zehlendorf,6
2020-04-28,Steglitz-Zehlendorf,12
2020-04-29,Steglitz-Zehlendorf,4
2020-04-30,Steglitz-Zehlendorf,1
2020-05-01,Steglitz-Zehlendorf,2
2020-05-02,Steglitz-Zehlendorf,2
2020-05-03,Steglitz-Zehlendorf,4
2020-05-04,Steglitz-Zehlendorf,8
2020-05-05,Steglitz-Zehlendorf,2
2020-05-06,Steglitz-Zehlendorf,1
2020-05-07,Steglitz-Zehlendorf,9
2020-05-08,Steglitz-Zehlendorf,0
2020-05-09,Steglitz-Zehlendorf,0
2020-05-10,Steglitz-Zehlendorf,1
2020-05-11,Steglitz-Zehlendorf,1
2020-05-12,Steglitz-Zehlendorf,0
2020-05-13,Steglitz-Zehlendorf,4
2020-05-14,Steglitz-Zehlendorf,2
2020-05-15,Steglitz-Zehlendorf,1
2020-05-16,Steglitz-Zehlendorf,2
2020-05-17,Steglitz-Zehlendorf,0
2020-05-18,Steglitz-Zehlendorf,3
2020-05-19,Steglitz-Zehlendorf,2
2020-05-20,Steglitz-Zehlendorf,5
2020-05-21,Steglitz-Zehlendorf,0
2020-05-22,Steglitz-Zehlendorf,1
2020-05-23,Steglitz-Zehlendorf,1
2020-05-24,Steglitz-Zehlendorf,0
2020-05-25,Steglitz-Zehlendorf,6
2020-05-26,Steglitz-Zehlendorf,0
2020-05-27,Steglitz-Zehlendorf,1
2020-05-28,Steglitz-Zehlendorf,0
2020-05-29,Steglitz-Zehlendorf,2
2020-05-30,Steglitz-Zehlendorf,0
2020-05-31,Steglitz-Zehlendorf,2
2020-06-01,Steglitz-Zehlendorf,0
2020-06-02,Steglitz-Zehlendorf,0
2020-06-03,Steglitz-Zehlendorf,7
2020-06-04,Steglitz-Zehlendorf,0
2020-06-05,Steglitz-Zehlendorf,0
2020-06-06,Steglitz-Zehlendorf,2
2020-06-07,Steglitz-Zehlendorf,0
2020-06-08,Steglitz-Zehlendorf,2
2020-06-09,Steglitz-Zehlendorf,1
2020-06-10,Steglitz-Zehlendorf,0
2020-06-11,Steglitz-Zehlendorf,2
2020-06-12,Steglitz-Zehlendorf,2
2020-06-13,Steglitz-Zehlendorf,2
2020-06-14,Steglitz-Zehlendorf,0
2020-06-15,Steglitz-Zehlendorf,1
2020-06-16,Steglitz-Zehlendorf,0
2020-06-17,Steglitz-Zehlendorf,0
2020-06-18,Steglitz-Zehlendorf,3
2020-06-19,Steglitz-Zehlendorf,1
2020-06-20,Steglitz-Zehlendorf,2
2020-06-21,Steglitz-Zehlendorf,0
2020-06-22,Steglitz-Zehlendorf,2
2020-06-23,Steglitz-Zehlendorf,4
2020-06-24,Steglitz-Zehlendorf,0
2020-06-25,Steglitz-Zehlendorf,2
2020-06-26,Steglitz-Zehlendorf,6
2020-06-27,Steglitz-Zehlendorf,0
2020-06-28,Steglitz-Zehlendorf,0
2020-06-29,Steglitz-Zehlendorf,0
2020-06-30,Steglitz-Zehlendorf,1
2020-07-01,Steglitz-Zehlendorf,1
2020-07-02,Steglitz-Zehlendorf,2
2020-07-03,Steglitz-Zehlendorf,0
2020-07-04,Steglitz-Zehlendorf,1
2020-07-05,Steglitz-Zehlendorf,0
2020-07-06,Steglitz-Zehlendorf,2
2020-07-07,Steglitz-Zehlendorf,2
2020-07-08,Steglitz-Zehlendorf,1
2020-07-09,Steglitz-Zehlendorf,2
2020-07-10,Steglitz-Zehlendorf,4
2020-07-11,Steglitz-Zehlendorf,0
2020-07-12,Steglitz-Zehlendorf,0
2020-07-13,Steglitz-Zehlendorf,1
2020-07-14,Steglitz-Zehlendorf,1
2020-07-15,Steglitz-Zehlendorf,2
2020-07-16,Steglitz-Zehlendorf,2
2020-07-17,Steglitz-Zehlendorf,2
2020-07-18,Steglitz-Zehlendorf,3
2020-07-19,Steglitz-Zehlendorf,0
2020-07-20,Steglitz-Zehlendorf,6
2020-07-21,Steglitz-Zehlendorf,3
2020-07-22,Steglitz-Zehlendorf,0
2020-07-23,Steglitz-Zehlendorf,1
2020-07-24,Steglitz-Zehlendorf,3
2020-07-25,Steglitz-Zehlendorf,2
2020-07-26,Steglitz-Zehlendorf,0
2020-07-27,Steglitz-Zehlendorf,1
2020-07-28,Steglitz-Zehlendorf,2
2020-07-29,Steglitz-Zehlendorf,2
2020-07-30,Steglitz-Zehlendorf,0
2020-07-31,Steglitz-Zehlendorf,5
2020-08-01,Steglitz-Zehlendorf,3
2020-08-02,Steglitz-Zehlendorf,0
2020-08-03,Steglitz-Zehlendorf,2
2020-08-04,Steglitz-Zehlendorf,4
2020-08-05,Steglitz-Zehlendorf,2
2020-08-06,Steglitz-Zehlendorf,4
2020-08-07,Steglitz-Zehlendorf,1
2020-08-08,Steglitz-Zehlendorf,1
2020-08-09,Steglitz-Zehlendorf,0
2020-08-10,Steglitz-Zehlendorf,0
2020-08-11,Steglitz-Zehlendorf,3
2020-08-12,Steglitz-Zehlendorf,3
2020-08-13,Steglitz-Zehlendorf,2
2020-08-14,Steglitz-Zehlendorf,2
2020-08-15,Steglitz-Zehlendorf,0
2020-08-16,Steglitz-Zehlendorf,0
2020-08-17,Steglitz-Zehlendorf,5
2020-08-18,Steglitz-Zehlendorf,12
2020-08-19,Steglitz-Zehlendorf,11
2020-08-20,Steglitz-Zehlendorf,9
2020-08-21,Steglitz-Zehlendorf,6
2020-08-22,Steglitz-Zehlendorf,4
2020-08-23,Steglitz-Zehlendorf,0
2020-08-24,Steglitz-Zehlendorf,10
2020-08-25,Steglitz-Zehlendorf,5
2020-08-26,Steglitz-Zehlendorf,4
2020-08-27,Steglitz-Zehlendorf,3
2020-08-28,Steglitz-Zehlendorf,9
2020-08-29,Steglitz-Zehlendorf,2
2020-08-30,Steglitz-Zehlendorf,1
2020-08-31,Steglitz-Zehlendorf,4
2020-09-01,Steglitz-Zehlendorf,7
2020-09-02,Steglitz-Zehlendorf,4
2020-09-03,Steglitz-Zehlendorf,5
2020-09-04,Steglitz-Zehlendorf,7
2020-09-05,Steglitz-Zehlendorf,6
2020-09-06,Steglitz-Zehlendorf,0
2020-09-07,Steglitz-Zehlendorf,6
2020-09-08,Steglitz-Zehlendorf,3
2020-09-09,Steglitz-Zehlendorf,0
2020-09-10,Steglitz-Zehlendorf,3
2020-09-11,Steglitz-Zehlendorf,4
2020-09-12,Steglitz-Zehlendorf,3
2020-09-13,Steglitz-Zehlendorf,0
2020-09-14,Steglitz-Zehlendorf,0
2020-09-15,Steglitz-Zehlendorf,4
2020-09-16,Steglitz-Zehlendorf,14
2020-09-17,Steglitz-Zehlendorf,11
2020-09-18,Steglitz-Zehlendorf,17
2020-09-19,Steglitz-Zehlendorf,0
2020-09-20,Steglitz-Zehlendorf,0
2020-09-21,Steglitz-Zehlendorf,13
2020-09-22,Steglitz-Zehlendorf,8
2020-09-23,Steglitz-Zehlendorf,21
2020-09-24,Steglitz-Zehlendorf,18
2020-09-25,Steglitz-Zehlendorf,8
2020-09-26,Steglitz-Zehlendorf,2
2020-09-27,Steglitz-Zehlendorf,0
2020-09-28,Steglitz-Zehlendorf,6
2020-09-29,Steglitz-Zehlendorf,11
2020-09-30,Steglitz-Zehlendorf,8
2020-10-01,Steglitz-Zehlendorf,29
2020-10-02,Steglitz-Zehlendorf,10
2020-10-03,Steglitz-Zehlendorf,9
2020-10-04,Steglitz-Zehlendorf,9
2020-10-05,Steglitz-Zehlendorf,27
2020-10-06,Steglitz-Zehlendorf,25
2020-10-07,Steglitz-Zehlendorf,33
2020-10-08,Steglitz-Zehlendorf,18
2020-10-09,Steglitz-Zehlendorf,31
2020-10-10,Steglitz-Zehlendorf,11
2020-10-11,Steglitz-Zehlendorf,18
2020-10-12,Steglitz-Zehlendorf,35
2020-10-13,Steglitz-Zehlendorf,30
2020-10-14,Steglitz-Zehlendorf,16
2020-10-15,Steglitz-Zehlendorf,51
2020-10-16,Steglitz-Zehlendorf,45
2020-10-17,Steglitz-Zehlendorf,24
2020-10-18,Steglitz-Zehlendorf,14
2020-10-19,Steglitz-Zehlendorf,44
2020-10-20,Steglitz-Zehlendorf,40
2020-10-21,Steglitz-Zehlendorf,31
2020-10-22,Steglitz-Zehlendorf,36
2020-10-23,Steglitz-Zehlendorf,90
2020-10-24,Steglitz-Zehlendorf,0
2020-10-25,Steglitz-Zehlendorf,61
2020-10-26,Steglitz-Zehlendorf,84
2020-10-27,Steglitz-Zehlendorf,93
2020-10-28,Steglitz-Zehlendorf,92
2020-10-29,Steglitz-Zehlendorf,55
2020-10-30,Steglitz-Zehlendorf,106
2020-10-31,Steglitz-Zehlendorf,21
2020-11-01,Steglitz-Zehlendorf,0
2020-11-02,Steglitz-Zehlendorf,80
2020-11-03,Steglitz-Zehlendorf,84
2020-11-04,Steglitz-Zehlendorf,35
2020-11-05,Steglitz-Zehlendorf,92
2020-11-06,Steglitz-Zehlendorf,100
2020-11-07,Steglitz-Zehlendorf,53
2020-11-08,Steglitz-Zehlendorf,0
2020-11-09,Steglitz-Zehlendorf,99
2020-11-10,Steglitz-Zehlendorf,82
2020-11-11,Steglitz-Zehlendorf,53
2020-11-12,Steglitz-Zehlendorf,74
2020-11-13,Steglitz-Zehlendorf,51
2020-11-14,Steglitz-Zehlendorf,64
2020-11-15,Steglitz-Zehlendorf,146
2020-11-16,Steglitz-Zehlendorf,122
2020-11-17,Steglitz-Zehlendorf,137
2020-11-18,Steglitz-Zehlendorf,112
2020-11-19,Steglitz-Zehlendorf,113
2020-11-20,Steglitz-Zehlendorf,107
2020-11-21,Steglitz-Zehlendorf,51
2020-11-22,Steglitz-Zehlendorf,38
2020-11-23,Steglitz-Zehlendorf,60
2020-11-24,Steglitz-Zehlendorf,111
2020-11-25,Steglitz-Zehlendorf,99
2020-11-26,Steglitz-Zehlendorf,96
2020-11-27,Steglitz-Zehlendorf,47
2020-11-28,Steglitz-Zehlendorf,36
2020-11-29,Steglitz-Zehlendorf,56
2020-03-03,Treptow-Koepenick,0
2020-03-04,Treptow-Koepenick,0
2020-03-05,Treptow-Koepenick,0
2020-03-06,Treptow-Koepenick,0
2020-03-07,Treptow-Koepenick,0
2020-03-08,Treptow-Koepenick,0
2020-03-09,Treptow-Koepenick,0
2020-03-10,Treptow-Koepenick,4
2020-03-11,Treptow-Koepenick,0
2020-03-12,Treptow-Koepenick,3
2020-03-13,Treptow-Koepenick,3
2020-03-14,Treptow-Koepenick,0
2020-03-15,Treptow-Koepenick,0
2020-03-16,Treptow-Koepenick,4
2020-03-17,Treptow-Koepenick,9
2020-03-18,Treptow-Koepenick,8
2020-03-19,Treptow-Koepenick,12
2020-03-20,Treptow-Koepenick,16
2020-03-21,Treptow-Koepenick,1
2020-03-22,Treptow-Koepenick,2
2020-03-23,Treptow-Koepenick,12
2020-03-24,Treptow-Koepenick,15
2020-03-25,Treptow-Koepenick,17
2020-03-26,Treptow-Koepenick,13
2020-03-27,Treptow-Koepenick,11
2020-03-28,Treptow-Koepenick,7
2020-03-29,Treptow-Koepenick,6
2020-03-30,Treptow-Koepenick,8
2020-03-31,Treptow-Koepenick,8
2020-04-01,Treptow-Koepenick,6
2020-04-02,Treptow-Koepenick,9
2020-04-03,Treptow-Koepenick,16
2020-04-04,Treptow-Koepenick,1
2020-04-05,Treptow-Koepenick,3
2020-04-06,Treptow-Koepenick,6
2020-04-07,Treptow-Koepenick,13
2020-04-08,Treptow-Koepenick,11
2020-04-09,Treptow-Koepenick,11
2020-04-10,Treptow-Koepenick,3
2020-04-11,Treptow-Koepenick,3
2020-04-12,Treptow-Koepenick,0
2020-04-13,Treptow-Koepenick,2
2020-04-14,Treptow-Koepenick,8
2020-04-15,Treptow-Koepenick,1
2020-04-16,Treptow-Koepenick,1
2020-04-17,Treptow-Koepenick,3
2020-04-18,Treptow-Koepenick,12
2020-04-19,Treptow-Koepenick,1
2020-04-20,Treptow-Koepenick,1
2020-04-21,Treptow-Koepenick,4
2020-04-22,Treptow-Koepenick,2
2020-04-23,Treptow-Koepenick,8
2020-04-24,Treptow-Koepenick,5
2020-04-25,Treptow-Koepenick,3
2020-04-26,Treptow-Koepenick,5
2020-04-27,Treptow-Koepenick,4
2020-04-28,Treptow-Koepenick,1
2020-04-29,Treptow-Koepenick,6
2020-04-30,Treptow-Koepenick,6
2020-05-01,Treptow-Koepenick,2
2020-05-02,Treptow-Koepenick,1
2020-05-03,Treptow-Koepenick,0
2020-05-04,Treptow-Koepenick,2
2020-05-05,Treptow-Koepenick,2
2020-05-06,Treptow-Koepenick,0
2020-05-07,Treptow-Koepenick,10
2020-05-08,Treptow-Koepenick,0
2020-05-09,Treptow-Koepenick,1
2020-05-10,Treptow-Koepenick,0
2020-05-11,Treptow-Koepenick,1
2020-05-12,Treptow-Koepenick,1
2020-05-13,Treptow-Koepenick,4
2020-05-14,Treptow-Koepenick,2
2020-05-15,Treptow-Koepenick,1
2020-05-16,Treptow-Koepenick,0
2020-05-17,Treptow-Koepenick,0
2020-05-18,Treptow-Koepenick,2
2020-05-19,Treptow-Koepenick,2
2020-05-20,Treptow-Koepenick,0
2020-05-21,Treptow-Koepenick,0
2020-05-22,Treptow-Koepenick,1
2020-05-23,Treptow-Koepenick,0
2020-05-24,Treptow-Koepenick,0
2020-05-25,Treptow-Koepenick,1
2020-05-26,Treptow-Koepenick,3
2020-05-27,Treptow-Koepenick,1
2020-05-28,Treptow-Koepenick,0
2020-05-29,Treptow-Koepenick,2
2020-05-30,Treptow-Koepenick,0
2020-05-31,Treptow-Koepenick,0
2020-06-01,Treptow-Koepenick,0
2020-06-02,Treptow-Koepenick,0
2020-06-03,Treptow-Koepenick,0
2020-06-04,Treptow-Koepenick,0
2020-06-05,Treptow-Koepenick,0
2020-06-06,Treptow-Koepenick,0
2020-06-07,Treptow-Koepenick,0
2020-06-08,Treptow-Koepenick,7
2020-06-09,Treptow-Koepenick,0
2020-06-10,Treptow-Koepenick,0
2020-06-11,Treptow-Koepenick,1
2020-06-12,Treptow-Koepenick,1
2020-06-13,Treptow-Koepenick,0
2020-06-14,Treptow-Koepenick,0
2020-06-15,Treptow-Koepenick,7
2020-06-16,Treptow-Koepenick,3
2020-06-17,Treptow-Koepenick,6
2020-06-18,Treptow-Koepenick,6
2020-06-19,Treptow-Koepenick,1
2020-06-20,Treptow-Koepenick,0
2020-06-21,Treptow-Koepenick,0
2020-06-22,Treptow-Koepenick,4
2020-06-23,Treptow-Koepenick,5
2020-06-24,Treptow-Koepenick,3
2020-06-25,Treptow-Koepenick,2
2020-06-26,Treptow-Koepenick,1
2020-06-27,Treptow-Koepenick,0
2020-06-28,Treptow-Koepenick,0
2020-06-29,Treptow-Koepenick,1
2020-06-30,Treptow-Koepenick,0
2020-07-01,Treptow-Koepenick,0
2020-07-02,Treptow-Koepenick,2
2020-07-03,Treptow-Koepenick,3
2020-07-04,Treptow-Koepenick,0
2020-07-05,Treptow-Koepenick,0
2020-07-06,Treptow-Koepenick,0
2020-07-07,Treptow-Koepenick,0
2020-07-08,Treptow-Koepenick,0
2020-07-09,Treptow-Koepenick,0
2020-07-10,Treptow-Koepenick,2
2020-07-11,Treptow-Koepenick,0
2020-07-12,Treptow-Koepenick,0
2020-07-13,Treptow-Koepenick,0
2020-07-14,Treptow-Koepenick,0
2020-07-15,Treptow-Koepenick,1
2020-07-16,Treptow-Koepenick,0
2020-07-17,Treptow-Koepenick,1
2020-07-18,Treptow-Koepenick,0
2020-07-19,Treptow-Koepenick,0
2020-07-20,Treptow-Koepenick,0
2020-07-21,Treptow-Koepenick,0
2020-07-22,Treptow-Koepenick,0
2020-07-23,Treptow-Koepenick,4
2020-07-24,Treptow-Koepenick,1
2020-07-25,Treptow-Koepenick,0
2020-07-26,Treptow-Koepenick,0
2020-07-27,Treptow-Koepenick,0
2020-07-28,Treptow-Koepenick,1
2020-07-29,Treptow-Koepenick,1
2020-07-30,Treptow-Koepenick,1
2020-07-31,Treptow-Koepenick,1
2020-08-01,Treptow-Koepenick,0
2020-08-02,Treptow-Koepenick,0
2020-08-03,Treptow-Koepenick,6
2020-08-04,Treptow-Koepenick,4
2020-08-05,Treptow-Koepenick,2
2020-08-06,Treptow-Koepenick,6
2020-08-07,Treptow-Koepenick,4
2020-08-08,Treptow-Koepenick,0
2020-08-09,Treptow-Koepenick,0
2020-08-10,Treptow-Koepenick,3
2020-08-11,Treptow-Koepenick,0
2020-08-12,Treptow-Koepenick,7
2020-08-13,Treptow-Koepenick,9
2020-08-14,Treptow-Koepenick,0
2020-08-15,Treptow-Koepenick,0
2020-08-16,Treptow-Koepenick,0
2020-08-17,Treptow-Koepenick,2
2020-08-18,Treptow-Koepenick,1
2020-08-19,Treptow-Koepenick,4
2020-08-20,Treptow-Koepenick,4
2020-08-21,Treptow-Koepenick,3
2020-08-22,Treptow-Koepenick,0
2020-08-23,Treptow-Koepenick,0
2020-08-24,Treptow-Koepenick,3
2020-08-25,Treptow-Koepenick,2
2020-08-26,Treptow-Koepenick,2
2020-08-27,Treptow-Koepenick,1
2020-08-28,Treptow-Koepenick,0
2020-08-29,Treptow-Koepenick,0
2020-08-30,Treptow-Koepenick,0
2020-08-31,Treptow-Koepenick,4
2020-09-01,Treptow-Koepenick,1
2020-09-02,Treptow-Koepenick,6
2020-09-03,Treptow-Koepenick,0
2020-09-04,Treptow-Koepenick,2
2020-09-05,Treptow-Koepenick,0
2020-09-06,Treptow-Koepenick,0
2020-09-07,Treptow-Koepenick,5
2020-09-08,Treptow-Koepenick,2
2020-09-09,Treptow-Koepenick,5
2020-09-10,Treptow-Koepenick,4
2020-09-11,Treptow-Koepenick,0
2020-09-12,Treptow-Koepenick,0
2020-09-13,Treptow-Koepenick,0
2020-09-14,Treptow-Koepenick,2
2020-09-15,Treptow-Koepenick,5
2020-09-16,Treptow-Koepenick,10
2020-09-17,Treptow-Koepenick,2
2020-09-18,Treptow-Koepenick,4
2020-09-19,Treptow-Koepenick,0
2020-09-20,Treptow-Koepenick,0
2020-09-21,Treptow-Koepenick,5
2020-09-22,Treptow-Koepenick,2
2020-09-23,Treptow-Koepenick,5
2020-09-24,Treptow-Koepenick,13
2020-09-25,Treptow-Koepenick,6
2020-09-26,Treptow-Koepenick,0
2020-09-27,Treptow-Koepenick,0
2020-09-28,Treptow-Koepenick,7
2020-09-29,Treptow-Koepenick,12
2020-09-30,Treptow-Koepenick,12
2020-10-01,Treptow-Koepenick,14
2020-10-02,Treptow-Koepenick,28
2020-10-03,Treptow-Koepenick,0
2020-10-04,Treptow-Koepenick,0
2020-10-05,Treptow-Koepenick,21
2020-10-06,Treptow-Koepenick,8
2020-10-07,Treptow-Koepenick,13
2020-10-08,Treptow-Koepenick,18
2020-10-09,Treptow-Koepenick,13
2020-10-10,Treptow-Koepenick,0
2020-10-11,Treptow-Koepenick,0
2020-10-12,Treptow-Koepenick,27
2020-10-13,Treptow-Koepenick,21
2020-10-14,Treptow-Koepenick,16
2020-10-15,Treptow-Koepenick,40
2020-10-16,Treptow-Koepenick,15
2020-10-17,Treptow-Koepenick,0
2020-10-18,Treptow-Koepenick,0
2020-10-19,Treptow-Koepenick,32
2020-10-20,Treptow-Koepenick,37
2020-10-21,Treptow-Koepenick,33
2020-10-22,Treptow-Koepenick,33
2020-10-23,Treptow-Koepenick,36
2020-10-24,Treptow-Koepenick,0
2020-10-25,Treptow-Koepenick,0
2020-10-26,Treptow-Koepenick,37
2020-10-27,Treptow-Koepenick,26
2020-10-28,Treptow-Koepenick,72
2020-10-29,Treptow-Koepenick,38
2020-10-30,Treptow-Koepenick,75
2020-10-31,Treptow-Koepenick,0
2020-11-01,Treptow-Koepenick,0
2020-11-02,Treptow-Koepenick,67
2020-11-03,Treptow-Koepenick,37
2020-11-04,Treptow-Koepenick,60
2020-11-05,Treptow-Koepenick,49
2020-11-06,Treptow-Koepenick,74
2020-11-07,Treptow-Koepenick,0
2020-11-08,Treptow-Koepenick,0
2020-11-09,Treptow-Koepenick,64
2020-11-10,Treptow-Koepenick,33
2020-11-11,Treptow-Koepenick,64
2020-11-12,Treptow-Koepenick,88
2020-11-13,Treptow-Koepenick,82
2020-11-14,Treptow-Koepenick,0
2020-11-15,Treptow-Koepenick,0
2020-11-16,Treptow-Koepenick,56
2020-11-17,Treptow-Koepenick,73
2020-11-18,Treptow-Koepenick,97
2020-11-19,Treptow-Koepenick,83
2020-11-20,Treptow-Koepenick,101
2020-11-21,Treptow-Koepenick,0
2020-11-22,Treptow-Koepenick,0
2020-11-23,Treptow-Koepenick,64
2020-11-24,Treptow-Koepenick,92
2020-11-25,Treptow-Koepenick,58
2020-11-26,Treptow-Koepenick,66
2020-11-27,Treptow-Koepenick,38
2020-11-28,Treptow-Koepenick,0
2020-11-29,Treptow-Koepenick,0
